tarih,mazot_fiyati,aylik_tufe
2022-01-01,22.0,11.1
2022-01-02,22.0,11.1
2022-01-03,22.0,11.1
2022-01-04,22.0,11.1
2022-01-05,22.0,11.1
2022-01-06,22.0,11.1
2022-01-07,22.0,11.1
2022-01-08,22.0,11.1
2022-01-09,22.0,11.1
2022-01-10,22.0,11.1
2022-01-11,22.0,11.1
2022-01-12,22.0,11.1
2022-01-13,22.0,11.1
2022-01-14,22.0,11.1
2022-01-15,22.0,11.1
2022-01-16,22.0,11.1
2022-01-17,22.0,11.1
2022-01-18,22.0,11.1
2022-01-19,22.0,11.1
2022-01-20,22.0,11.1
2022-01-21,22.0,11.1
2022-01-22,22.0,11.1
2022-01-23,22.0,11.1
2022-01-24,22.0,11.1
2022-01-25,22.0,11.1
2022-01-26,22.0,11.1
2022-01-27,22.0,11.1
2022-01-28,22.0,11.1
2022-01-29,22.0,11.1
2022-01-30,22.0,11.1
2022-01-31,22.0,11.1
2022-02-01,23.5,4.8
2022-02-02,23.5,4.8
2022-02-03,23.5,4.8
2022-02-04,23.5,4.8
2022-02-05,23.5,4.8
2022-02-06,23.5,4.8
2022-02-07,23.5,4.8
2022-02-08,23.5,4.8
2022-02-09,23.5,4.8
2022-02-10,23.5,4.8
2022-02-11,23.5,4.8
2022-02-12,23.5,4.8
2022-02-13,23.5,4.8
2022-02-14,23.5,4.8
2022-02-15,23.5,4.8
2022-02-16,23.5,4.8
2022-02-17,23.5,4.8
2022-02-18,23.5,4.8
2022-02-19,23.5,4.8
2022-02-20,23.5,4.8
2022-02-21,23.5,4.8
2022-02-22,23.5,4.8
2022-02-23,23.5,4.8
2022-02-24,23.5,4.8
2022-02-25,23.5,4.8
2022-02-26,23.5,4.8
2022-02-27,23.5,4.8
2022-02-28,23.5,4.8
2022-03-01,26.0,5.5
2022-03-02,26.0,5.5
2022-03-03,26.0,5.5
2022-03-04,26.0,5.5
2022-03-05,26.0,5.5
2022-03-06,26.0,5.5
2022-03-07,26.0,5.5
2022-03-08,26.0,5.5
2022-03-09,26.0,5.5
2022-03-10,26.0,5.5
2022-03-11,26.0,5.5
2022-03-12,26.0,5.5
2022-03-13,26.0,5.5
2022-03-14,26.0,5.5
2022-03-15,26.0,5.5
2022-03-16,26.0,5.5
2022-03-17,26.0,5.5
2022-03-18,26.0,5.5
2022-03-19,26.0,5.5
2022-03-20,26.0,5.5
2022-03-21,26.0,5.5
2022-03-22,26.0,5.5
2022-03-23,26.0,5.5
2022-03-24,26.0,5.5
2022-03-25,26.0,5.5
2022-03-26,26.0,5.5
2022-03-27,26.0,5.5
2022-03-28,26.0,5.5
2022-03-29,26.0,5.5
2022-03-30,26.0,5.5
2022-03-31,26.0,5.5
2022-04-01,27.0,7.3
2022-04-02,27.0,7.3
2022-04-03,27.0,7.3
2022-04-04,27.0,7.3
2022-04-05,27.0,7.3
2022-04-06,27.0,7.3
2022-04-07,27.0,7.3
2022-04-08,27.0,7.3
2022-04-09,27.0,7.3
2022-04-10,27.0,7.3
2022-04-11,27.0,7.3
2022-04-12,27.0,7.3
2022-04-13,27.0,7.3
2022-04-14,27.0,7.3
2022-04-15,27.0,7.3
2022-04-16,27.0,7.3
2022-04-17,27.0,7.3
2022-04-18,27.0,7.3
2022-04-19,27.0,7.3
2022-04-20,27.0,7.3
2022-04-21,27.0,7.3
2022-04-22,27.0,7.3
2022-04-23,27.0,7.3
2022-04-24,27.0,7.3
2022-04-25,27.0,7.3
2022-04-26,27.0,7.3
2022-04-27,27.0,7.3
2022-04-28,27.0,7.3
2022-04-29,27.0,7.3
2022-04-30,27.0,7.3
2022-05-01,28.5,2.98
2022-05-02,28.5,2.98
2022-05-03,28.5,2.98
2022-05-04,28.5,2.98
2022-05-05,28.5,2.98
2022-05-06,28.5,2.98
2022-05-07,28.5,2.98
2022-05-08,28.5,2.98
2022-05-09,28.5,2.98
2022-05-10,28.5,2.98
2022-05-11,28.5,2.98
2022-05-12,28.5,2.98
2022-05-13,28.5,2.98
2022-05-14,28.5,2.98
2022-05-15,28.5,2.98
2022-05-16,28.5,2.98
2022-05-17,28.5,2.98
2022-05-18,28.5,2.98
2022-05-19,28.5,2.98
2022-05-20,28.5,2.98
2022-05-21,28.5,2.98
2022-05-22,28.5,2.98
2022-05-23,28.5,2.98
2022-05-24,28.5,2.98
2022-05-25,28.5,2.98
2022-05-26,28.5,2.98
2022-05-27,28.5,2.98
2022-05-28,28.5,2.98
2022-05-29,28.5,2.98
2022-05-30,28.5,2.98
2022-05-31,28.5,2.98
2022-06-01,30.0,4.95
2022-06-02,30.0,4.95
2022-06-03,30.0,4.95
2022-06-04,30.0,4.95
2022-06-05,30.0,4.95
2022-06-06,30.0,4.95
2022-06-07,30.0,4.95
2022-06-08,30.0,4.95
2022-06-09,30.0,4.95
2022-06-10,30.0,4.95
2022-06-11,30.0,4.95
2022-06-12,30.0,4.95
2022-06-13,30.0,4.95
2022-06-14,30.0,4.95
2022-06-15,30.0,4.95
2022-06-16,30.0,4.95
2022-06-17,30.0,4.95
2022-06-18,30.0,4.95
2022-06-19,30.0,4.95
2022-06-20,30.0,4.95
2022-06-21,30.0,4.95
2022-06-22,30.0,4.95
2022-06-23,30.0,4.95
2022-06-24,30.0,4.95
2022-06-25,30.0,4.95
2022-06-26,30.0,4.95
2022-06-27,30.0,4.95
2022-06-28,30.0,4.95
2022-06-29,30.0,4.95
2022-06-30,30.0,4.95
2022-07-01,33.0,2.37
2022-07-02,33.0,2.37
2022-07-03,33.0,2.37
2022-07-04,33.0,2.37
2022-07-05,33.0,2.37
2022-07-06,33.0,2.37
2022-07-07,33.0,2.37
2022-07-08,33.0,2.37
2022-07-09,33.0,2.37
2022-07-10,33.0,2.37
2022-07-11,33.0,2.37
2022-07-12,33.0,2.37
2022-07-13,33.0,2.37
2022-07-14,33.0,2.37
2022-07-15,33.0,2.37
2022-07-16,33.0,2.37
2022-07-17,33.0,2.37
2022-07-18,33.0,2.37
2022-07-19,33.0,2.37
2022-07-20,33.0,2.37
2022-07-21,33.0,2.37
2022-07-22,33.0,2.37
2022-07-23,33.0,2.37
2022-07-24,33.0,2.37
2022-07-25,33.0,2.37
2022-07-26,33.0,2.37
2022-07-27,33.0,2.37
2022-07-28,33.0,2.37
2022-07-29,33.0,2.37
2022-07-30,33.0,2.37
2022-07-31,33.0,2.37
2022-08-01,30.0,1.46
2022-08-02,30.0,1.46
2022-08-03,30.0,1.46
2022-08-04,30.0,1.46
2022-08-05,30.0,1.46
2022-08-06,30.0,1.46
2022-08-07,30.0,1.46
2022-08-08,30.0,1.46
2022-08-09,30.0,1.46
2022-08-10,30.0,1.46
2022-08-11,30.0,1.46
2022-08-12,30.0,1.46
2022-08-13,30.0,1.46
2022-08-14,30.0,1.46
2022-08-15,30.0,1.46
2022-08-16,30.0,1.46
2022-08-17,30.0,1.46
2022-08-18,30.0,1.46
2022-08-19,30.0,1.46
2022-08-20,30.0,1.46
2022-08-21,30.0,1.46
2022-08-22,30.0,1.46
2022-08-23,30.0,1.46
2022-08-24,30.0,1.46
2022-08-25,30.0,1.46
2022-08-26,30.0,1.46
2022-08-27,30.0,1.46
2022-08-28,30.0,1.46
2022-08-29,30.0,1.46
2022-08-30,30.0,1.46
2022-08-31,30.0,1.46
2022-09-01,29.0,3.08
2022-09-02,29.0,3.08
2022-09-03,29.0,3.08
2022-09-04,29.0,3.08
2022-09-05,29.0,3.08
2022-09-06,29.0,3.08
2022-09-07,29.0,3.08
2022-09-08,29.0,3.08
2022-09-09,29.0,3.08
2022-09-10,29.0,3.08
2022-09-11,29.0,3.08
2022-09-12,29.0,3.08
2022-09-13,29.0,3.08
2022-09-14,29.0,3.08
2022-09-15,29.0,3.08
2022-09-16,29.0,3.08
2022-09-17,29.0,3.08
2022-09-18,29.0,3.08
2022-09-19,29.0,3.08
2022-09-20,29.0,3.08
2022-09-21,29.0,3.08
2022-09-22,29.0,3.08
2022-09-23,29.0,3.08
2022-09-24,29.0,3.08
2022-09-25,29.0,3.08
2022-09-26,29.0,3.08
2022-09-27,29.0,3.08
2022-09-28,29.0,3.08
2022-09-29,29.0,3.08
2022-09-30,29.0,3.08
2022-10-01,28.5,3.54
2022-10-02,28.5,3.54
2022-10-03,28.5,3.54
2022-10-04,28.5,3.54
2022-10-05,28.5,3.54
2022-10-06,28.5,3.54
2022-10-07,28.5,3.54
2022-10-08,28.5,3.54
2022-10-09,28.5,3.54
2022-10-10,28.5,3.54
2022-10-11,28.5,3.54
2022-10-12,28.5,3.54
2022-10-13,28.5,3.54
2022-10-14,28.5,3.54
2022-10-15,28.5,3.54
2022-10-16,28.5,3.54
2022-10-17,28.5,3.54
2022-10-18,28.5,3.54
2022-10-19,28.5,3.54
2022-10-20,28.5,3.54
2022-10-21,28.5,3.54
2022-10-22,28.5,3.54
2022-10-23,28.5,3.54
2022-10-24,28.5,3.54
2022-10-25,28.5,3.54
2022-10-26,28.5,3.54
2022-10-27,28.5,3.54
2022-10-28,28.5,3.54
2022-10-29,28.5,3.54
2022-10-30,28.5,3.54
2022-10-31,28.5,3.54
2022-11-01,30.0,2.88
2022-11-02,30.0,2.88
2022-11-03,30.0,2.88
2022-11-04,30.0,2.88
2022-11-05,30.0,2.88
2022-11-06,30.0,2.88
2022-11-07,30.0,2.88
2022-11-08,30.0,2.88
2022-11-09,30.0,2.88
2022-11-10,30.0,2.88
2022-11-11,30.0,2.88
2022-11-12,30.0,2.88
2022-11-13,30.0,2.88
2022-11-14,30.0,2.88
2022-11-15,30.0,2.88
2022-11-16,30.0,2.88
2022-11-17,30.0,2.88
2022-11-18,30.0,2.88
2022-11-19,30.0,2.88
2022-11-20,30.0,2.88
2022-11-21,30.0,2.88
2022-11-22,30.0,2.88
2022-11-23,30.0,2.88
2022-11-24,30.0,2.88
2022-11-25,30.0,2.88
2022-11-26,30.0,2.88
2022-11-27,30.0,2.88
2022-11-28,30.0,2.88
2022-11-29,30.0,2.88
2022-11-30,30.0,2.88
2022-12-01,31.0,1.18
2022-12-02,31.0,1.18
2022-12-03,31.0,1.18
2022-12-04,31.0,1.18
2022-12-05,31.0,1.18
2022-12-06,31.0,1.18
2022-12-07,31.0,1.18
2022-12-08,31.0,1.18
2022-12-09,31.0,1.18
2022-12-10,31.0,1.18
2022-12-11,31.0,1.18
2022-12-12,31.0,1.18
2022-12-13,31.0,1.18
2022-12-14,31.0,1.18
2022-12-15,31.0,1.18
2022-12-16,31.0,1.18
2022-12-17,31.0,1.18
2022-12-18,31.0,1.18
2022-12-19,31.0,1.18
2022-12-20,31.0,1.18
2022-12-21,31.0,1.18
2022-12-22,31.0,1.18
2022-12-23,31.0,1.18
2022-12-24,31.0,1.18
2022-12-25,31.0,1.18
2022-12-26,31.0,1.18
2022-12-27,31.0,1.18
2022-12-28,31.0,1.18
2022-12-29,31.0,1.18
2022-12-30,31.0,1.18
2022-12-31,31.0,1.18
2023-01-01,28.0,6.65
2023-01-02,28.0,6.65
2023-01-03,28.0,6.65
2023-01-04,28.0,6.65
2023-01-05,28.0,6.65
2023-01-06,28.0,6.65
2023-01-07,28.0,6.65
2023-01-08,28.0,6.65
2023-01-09,28.0,6.65
2023-01-10,28.0,6.65
2023-01-11,28.0,6.65
2023-01-12,28.0,6.65
2023-01-13,28.0,6.65
2023-01-14,28.0,6.65
2023-01-15,28.0,6.65
2023-01-16,28.0,6.65
2023-01-17,28.0,6.65
2023-01-18,28.0,6.65
2023-01-19,28.0,6.65
2023-01-20,28.0,6.65
2023-01-21,28.0,6.65
2023-01-22,28.0,6.65
2023-01-23,28.0,6.65
2023-01-24,28.0,6.65
2023-01-25,28.0,6.65
2023-01-26,28.0,6.65
2023-01-27,28.0,6.65
2023-01-28,28.0,6.65
2023-01-29,28.0,6.65
2023-01-30,28.0,6.65
2023-01-31,28.0,6.65
2023-02-01,29.0,3.15
2023-02-02,29.0,3.15
2023-02-03,29.0,3.15
2023-02-04,29.0,3.15
2023-02-05,29.0,3.15
2023-02-06,29.0,3.15
2023-02-07,29.0,3.15
2023-02-08,29.0,3.15
2023-02-09,29.0,3.15
2023-02-10,29.0,3.15
2023-02-11,29.0,3.15
2023-02-12,29.0,3.15
2023-02-13,29.0,3.15
2023-02-14,29.0,3.15
2023-02-15,29.0,3.15
2023-02-16,29.0,3.15
2023-02-17,29.0,3.15
2023-02-18,29.0,3.15
2023-02-19,29.0,3.15
2023-02-20,29.0,3.15
2023-02-21,29.0,3.15
2023-02-22,29.0,3.15
2023-02-23,29.0,3.15
2023-02-24,29.0,3.15
2023-02-25,29.0,3.15
2023-02-26,29.0,3.15
2023-02-27,29.0,3.15
2023-02-28,29.0,3.15
2023-03-01,29.0,2.29
2023-03-02,29.0,2.29
2023-03-03,29.0,2.29
2023-03-04,29.0,2.29
2023-03-05,29.0,2.29
2023-03-06,29.0,2.29
2023-03-07,29.0,2.29
2023-03-08,29.0,2.29
2023-03-09,29.0,2.29
2023-03-10,29.0,2.29
2023-03-11,29.0,2.29
2023-03-12,29.0,2.29
2023-03-13,29.0,2.29
2023-03-14,29.0,2.29
2023-03-15,29.0,2.29
2023-03-16,29.0,2.29
2023-03-17,29.0,2.29
2023-03-18,29.0,2.29
2023-03-19,29.0,2.29
2023-03-20,29.0,2.29
2023-03-21,29.0,2.29
2023-03-22,29.0,2.29
2023-03-23,29.0,2.29
2023-03-24,29.0,2.29
2023-03-25,29.0,2.29
2023-03-26,29.0,2.29
2023-03-27,29.0,2.29
2023-03-28,29.0,2.29
2023-03-29,29.0,2.29
2023-03-30,29.0,2.29
2023-03-31,29.0,2.29
2023-04-01,30.0,2.39
2023-04-02,30.0,2.39
2023-04-03,30.0,2.39
2023-04-04,30.0,2.39
2023-04-05,30.0,2.39
2023-04-06,30.0,2.39
2023-04-07,30.0,2.39
2023-04-08,30.0,2.39
2023-04-09,30.0,2.39
2023-04-10,30.0,2.39
2023-04-11,30.0,2.39
2023-04-12,30.0,2.39
2023-04-13,30.0,2.39
2023-04-14,30.0,2.39
2023-04-15,30.0,2.39
2023-04-16,30.0,2.39
2023-04-17,30.0,2.39
2023-04-18,30.0,2.39
2023-04-19,30.0,2.39
2023-04-20,30.0,2.39
2023-04-21,30.0,2.39
2023-04-22,30.0,2.39
2023-04-23,30.0,2.39
2023-04-24,30.0,2.39
2023-04-25,30.0,2.39
2023-04-26,30.0,2.39
2023-04-27,30.0,2.39
2023-04-28,30.0,2.39
2023-04-29,30.0,2.39
2023-04-30,30.0,2.39
2023-05-01,30.5,0.04
2023-05-02,30.5,0.04
2023-05-03,30.5,0.04
2023-05-04,30.5,0.04
2023-05-05,30.5,0.04
2023-05-06,30.5,0.04
2023-05-07,30.5,0.04
2023-05-08,30.5,0.04
2023-05-09,30.5,0.04
2023-05-10,30.5,0.04
2023-05-11,30.5,0.04
2023-05-12,30.5,0.04
2023-05-13,30.5,0.04
2023-05-14,30.5,0.04
2023-05-15,30.5,0.04
2023-05-16,30.5,0.04
2023-05-17,30.5,0.04
2023-05-18,30.5,0.04
2023-05-19,30.5,0.04
2023-05-20,30.5,0.04
2023-05-21,30.5,0.04
2023-05-22,30.5,0.04
2023-05-23,30.5,0.04
2023-05-24,30.5,0.04
2023-05-25,30.5,0.04
2023-05-26,30.5,0.04
2023-05-27,30.5,0.04
2023-05-28,30.5,0.04
2023-05-29,30.5,0.04
2023-05-30,30.5,0.04
2023-05-31,30.5,0.04
2023-06-01,32.0,3.92
2023-06-02,32.0,3.92
2023-06-03,32.0,3.92
2023-06-04,32.0,3.92
2023-06-05,32.0,3.92
2023-06-06,32.0,3.92
2023-06-07,32.0,3.92
2023-06-08,32.0,3.92
2023-06-09,32.0,3.92
2023-06-10,32.0,3.92
2023-06-11,32.0,3.92
2023-06-12,32.0,3.92
2023-06-13,32.0,3.92
2023-06-14,32.0,3.92
2023-06-15,32.0,3.92
2023-06-16,32.0,3.92
2023-06-17,32.0,3.92
2023-06-18,32.0,3.92
2023-06-19,32.0,3.92
2023-06-20,32.0,3.92
2023-06-21,32.0,3.92
2023-06-22,32.0,3.92
2023-06-23,32.0,3.92
2023-06-24,32.0,3.92
2023-06-25,32.0,3.92
2023-06-26,32.0,3.92
2023-06-27,32.0,3.92
2023-06-28,32.0,3.92
2023-06-29,32.0,3.92
2023-06-30,32.0,3.92
2023-07-01,35.0,9.49
2023-07-02,35.0,9.49
2023-07-03,35.0,9.49
2023-07-04,35.0,9.49
2023-07-05,35.0,9.49
2023-07-06,35.0,9.49
2023-07-07,35.0,9.49
2023-07-08,35.0,9.49
2023-07-09,35.0,9.49
2023-07-10,35.0,9.49
2023-07-11,35.0,9.49
2023-07-12,35.0,9.49
2023-07-13,35.0,9.49
2023-07-14,35.0,9.49
2023-07-15,35.0,9.49
2023-07-16,35.0,9.49
2023-07-17,35.0,9.49
2023-07-18,35.0,9.49
2023-07-19,35.0,9.49
2023-07-20,35.0,9.49
2023-07-21,35.0,9.49
2023-07-22,35.0,9.49
2023-07-23,35.0,9.49
2023-07-24,35.0,9.49
2023-07-25,35.0,9.49
2023-07-26,35.0,9.49
2023-07-27,35.0,9.49
2023-07-28,35.0,9.49
2023-07-29,35.0,9.49
2023-07-30,35.0,9.49
2023-07-31,35.0,9.49
2023-08-01,38.0,9.09
2023-08-02,38.0,9.09
2023-08-03,38.0,9.09
2023-08-04,38.0,9.09
2023-08-05,38.0,9.09
2023-08-06,38.0,9.09
2023-08-07,38.0,9.09
2023-08-08,38.0,9.09
2023-08-09,38.0,9.09
2023-08-10,38.0,9.09
2023-08-11,38.0,9.09
2023-08-12,38.0,9.09
2023-08-13,38.0,9.09
2023-08-14,38.0,9.09
2023-08-15,38.0,9.09
2023-08-16,38.0,9.09
2023-08-17,38.0,9.09
2023-08-18,38.0,9.09
2023-08-19,38.0,9.09
2023-08-20,38.0,9.09
2023-08-21,38.0,9.09
2023-08-22,38.0,9.09
2023-08-23,38.0,9.09
2023-08-24,38.0,9.09
2023-08-25,38.0,9.09
2023-08-26,38.0,9.09
2023-08-27,38.0,9.09
2023-08-28,38.0,9.09
2023-08-29,38.0,9.09
2023-08-30,38.0,9.09
2023-08-31,38.0,9.09
2023-09-01,40.0,4.75
2023-09-02,40.0,4.75
2023-09-03,40.0,4.75
2023-09-04,40.0,4.75
2023-09-05,40.0,4.75
2023-09-06,40.0,4.75
2023-09-07,40.0,4.75
2023-09-08,40.0,4.75
2023-09-09,40.0,4.75
2023-09-10,40.0,4.75
2023-09-11,40.0,4.75
2023-09-12,40.0,4.75
2023-09-13,40.0,4.75
2023-09-14,40.0,4.75
2023-09-15,40.0,4.75
2023-09-16,40.0,4.75
2023-09-17,40.0,4.75
2023-09-18,40.0,4.75
2023-09-19,40.0,4.75
2023-09-20,40.0,4.75
2023-09-21,40.0,4.75
2023-09-22,40.0,4.75
2023-09-23,40.0,4.75
2023-09-24,40.0,4.75
2023-09-25,40.0,4.75
2023-09-26,40.0,4.75
2023-09-27,40.0,4.75
2023-09-28,40.0,4.75
2023-09-29,40.0,4.75
2023-09-30,40.0,4.75
2023-10-01,42.0,3.43
2023-10-02,42.0,3.43
2023-10-03,42.0,3.43
2023-10-04,42.0,3.43
2023-10-05,42.0,3.43
2023-10-06,42.0,3.43
2023-10-07,42.0,3.43
2023-10-08,42.0,3.43
2023-10-09,42.0,3.43
2023-10-10,42.0,3.43
2023-10-11,42.0,3.43
2023-10-12,42.0,3.43
2023-10-13,42.0,3.43
2023-10-14,42.0,3.43
2023-10-15,42.0,3.43
2023-10-16,42.0,3.43
2023-10-17,42.0,3.43
2023-10-18,42.0,3.43
2023-10-19,42.0,3.43
2023-10-20,42.0,3.43
2023-10-21,42.0,3.43
2023-10-22,42.0,3.43
2023-10-23,42.0,3.43
2023-10-24,42.0,3.43
2023-10-25,42.0,3.43
2023-10-26,42.0,3.43
2023-10-27,42.0,3.43
2023-10-28,42.0,3.43
2023-10-29,42.0,3.43
2023-10-30,42.0,3.43
2023-10-31,42.0,3.43
2023-11-01,43.0,3.28
2023-11-02,43.0,3.28
2023-11-03,43.0,3.28
2023-11-04,43.0,3.28
2023-11-05,43.0,3.28
2023-11-06,43.0,3.28
2023-11-07,43.0,3.28
2023-11-08,43.0,3.28
2023-11-09,43.0,3.28
2023-11-10,43.0,3.28
2023-11-11,43.0,3.28
2023-11-12,43.0,3.28
2023-11-13,43.0,3.28
2023-11-14,43.0,3.28
2023-11-15,43.0,3.28
2023-11-16,43.0,3.28
2023-11-17,43.0,3.28
2023-11-18,43.0,3.28
2023-11-19,43.0,3.28
2023-11-20,43.0,3.28
2023-11-21,43.0,3.28
2023-11-22,43.0,3.28
2023-11-23,43.0,3.28
2023-11-24,43.0,3.28
2023-11-25,43.0,3.28
2023-11-26,43.0,3.28
2023-11-27,43.0,3.28
2023-11-28,43.0,3.28
2023-11-29,43.0,3.28
2023-11-30,43.0,3.28
2023-12-01,44.0,2.93
2023-12-02,44.0,2.93
2023-12-03,44.0,2.93
2023-12-04,44.0,2.93
2023-12-05,44.0,2.93
2023-12-06,44.0,2.93
2023-12-07,44.0,2.93
2023-12-08,44.0,2.93
2023-12-09,44.0,2.93
2023-12-10,44.0,2.93
2023-12-11,44.0,2.93
2023-12-12,44.0,2.93
2023-12-13,44.0,2.93
2023-12-14,44.0,2.93
2023-12-15,44.0,2.93
2023-12-16,44.0,2.93
2023-12-17,44.0,2.93
2023-12-18,44.0,2.93
2023-12-19,44.0,2.93
2023-12-20,44.0,2.93
2023-12-21,44.0,2.93
2023-12-22,44.0,2.93
2023-12-23,44.0,2.93
2023-12-24,44.0,2.93
2023-12-25,44.0,2.93
2023-12-26,44.0,2.93
2023-12-27,44.0,2.93
2023-12-28,44.0,2.93
2023-12-29,44.0,2.93
2023-12-30,44.0,2.93
2023-12-31,44.0,2.93
2024-01-01,47.0,6.7
2024-01-02,47.0,6.7
2024-01-03,47.0,6.7
2024-01-04,47.0,6.7
2024-01-05,47.0,6.7
2024-01-06,47.0,6.7
2024-01-07,47.0,6.7
2024-01-08,47.0,6.7
2024-01-09,47.0,6.7
2024-01-10,47.0,6.7
2024-01-11,47.0,6.7
2024-01-12,47.0,6.7
2024-01-13,47.0,6.7
2024-01-14,47.0,6.7
2024-01-15,47.0,6.7
2024-01-16,47.0,6.7
2024-01-17,47.0,6.7
2024-01-18,47.0,6.7
2024-01-19,47.0,6.7
2024-01-20,47.0,6.7
2024-01-21,47.0,6.7
2024-01-22,47.0,6.7
2024-01-23,47.0,6.7
2024-01-24,47.0,6.7
2024-01-25,47.0,6.7
2024-01-26,47.0,6.7
2024-01-27,47.0,6.7
2024-01-28,47.0,6.7
2024-01-29,47.0,6.7
2024-01-30,47.0,6.7
2024-01-31,47.0,6.7
2024-02-01,48.5,4.5
2024-02-02,48.5,4.5
2024-02-03,48.5,4.5
2024-02-04,48.5,4.5
2024-02-05,48.5,4.5
2024-02-06,48.5,4.5
2024-02-07,48.5,4.5
2024-02-08,48.5,4.5
2024-02-09,48.5,4.5
2024-02-10,48.5,4.5
2024-02-11,48.5,4.5
2024-02-12,48.5,4.5
2024-02-13,48.5,4.5
2024-02-14,48.5,4.5
2024-02-15,48.5,4.5
2024-02-16,48.5,4.5
2024-02-17,48.5,4.5
2024-02-18,48.5,4.5
2024-02-19,48.5,4.5
2024-02-20,48.5,4.5
2024-02-21,48.5,4.5
2024-02-22,48.5,4.5
2024-02-23,48.5,4.5
2024-02-24,48.5,4.5
2024-02-25,48.5,4.5
2024-02-26,48.5,4.5
2024-02-27,48.5,4.5
2024-02-28,48.5,4.5
2024-02-29,48.5,4.5
2024-03-01,50.0,3.2
2024-03-02,50.0,3.2
2024-03-03,50.0,3.2
2024-03-04,50.0,3.2
2024-03-05,50.0,3.2
2024-03-06,50.0,3.2
2024-03-07,50.0,3.2
2024-03-08,50.0,3.2
2024-03-09,50.0,3.2
2024-03-10,50.0,3.2
2024-03-11,50.0,3.2
2024-03-12,50.0,3.2
2024-03-13,50.0,3.2
2024-03-14,50.0,3.2
2024-03-15,50.0,3.2
2024-03-16,50.0,3.2
2024-03-17,50.0,3.2
2024-03-18,50.0,3.2
2024-03-19,50.0,3.2
2024-03-20,50.0,3.2
2024-03-21,50.0,3.2
2024-03-22,50.0,3.2
2024-03-23,50.0,3.2
2024-03-24,50.0,3.2
2024-03-25,50.0,3.2
2024-03-26,50.0,3.2
2024-03-27,50.0,3.2
2024-03-28,50.0,3.2
2024-03-29,50.0,3.2
2024-03-30,50.0,3.2
2024-03-31,50.0,3.2
2024-04-01,54.0,3.2
2024-04-02,54.0,3.2
2024-04-03,54.0,3.2
2024-04-04,54.0,3.2
2024-04-05,54.0,3.2
2024-04-06,54.0,3.2
2024-04-07,54.0,3.2
2024-04-08,54.0,3.2
2024-04-09,54.0,3.2
2024-04-10,54.0,3.2
2024-04-11,54.0,3.2
2024-04-12,54.0,3.2
2024-04-13,54.0,3.2
2024-04-14,54.0,3.2
2024-04-15,54.0,3.2
2024-04-16,54.0,3.2
2024-04-17,54.0,3.2
2024-04-18,54.0,3.2
2024-04-19,54.0,3.2
2024-04-20,54.0,3.2
2024-04-21,54.0,3.2
2024-04-22,54.0,3.2
2024-04-23,54.0,3.2
2024-04-24,54.0,3.2
2024-04-25,54.0,3.2
2024-04-26,54.0,3.2
2024-04-27,54.0,3.2
2024-04-28,54.0,3.2
2024-04-29,54.0,3.2
2024-04-30,54.0,3.2
2024-05-01,56.0,0.0
2024-05-02,56.0,0.0
2024-05-03,56.0,0.0
2024-05-04,56.0,0.0
2024-05-05,56.0,0.0
2024-05-06,56.0,0.0
2024-05-07,56.0,0.0
2024-05-08,56.0,0.0
2024-05-09,56.0,0.0
2024-05-10,56.0,0.0
2024-05-11,56.0,0.0
2024-05-12,56.0,0.0
2024-05-13,56.0,0.0
2024-05-14,56.0,0.0
2024-05-15,56.0,0.0
2024-05-16,56.0,0.0
2024-05-17,56.0,0.0
2024-05-18,56.0,0.0
2024-05-19,56.0,0.0
2024-05-20,56.0,0.0
2024-05-21,56.0,0.0
2024-05-22,56.0,0.0
2024-05-23,56.0,0.0
2024-05-24,56.0,0.0
2024-05-25,56.0,0.0
2024-05-26,56.0,0.0
2024-05-27,56.0,0.0
2024-05-28,56.0,0.0
2024-05-29,56.0,0.0
2024-05-30,56.0,0.0
2024-05-31,56.0,0.0
2024-06-01,58.0,1.6
2024-06-02,58.0,1.6
2024-06-03,58.0,1.6
2024-06-04,58.0,1.6
2024-06-05,58.0,1.6
2024-06-06,58.0,1.6
2024-06-07,58.0,1.6
2024-06-08,58.0,1.6
2024-06-09,58.0,1.6
2024-06-10,58.0,1.6
2024-06-11,58.0,1.6
2024-06-12,58.0,1.6
2024-06-13,58.0,1.6
2024-06-14,58.0,1.6
2024-06-15,58.0,1.6
2024-06-16,58.0,1.6
2024-06-17,58.0,1.6
2024-06-18,58.0,1.6
2024-06-19,58.0,1.6
2024-06-20,58.0,1.6
2024-06-21,58.0,1.6
2024-06-22,58.0,1.6
2024-06-23,58.0,1.6
2024-06-24,58.0,1.6
2024-06-25,58.0,1.6
2024-06-26,58.0,1.6
2024-06-27,58.0,1.6
2024-06-28,58.0,1.6
2024-06-29,58.0,1.6
2024-06-30,58.0,1.6
2024-07-01,60.0,3.2
2024-07-02,60.0,3.2
2024-07-03,60.0,3.2
2024-07-04,60.0,3.2
2024-07-05,60.0,3.2
2024-07-06,60.0,3.2
2024-07-07,60.0,3.2
2024-07-08,60.0,3.2
2024-07-09,60.0,3.2
2024-07-10,60.0,3.2
2024-07-11,60.0,3.2
2024-07-12,60.0,3.2
2024-07-13,60.0,3.2
2024-07-14,60.0,3.2
2024-07-15,60.0,3.2
2024-07-16,60.0,3.2
2024-07-17,60.0,3.2
2024-07-18,60.0,3.2
2024-07-19,60.0,3.2
2024-07-20,60.0,3.2
2024-07-21,60.0,3.2
2024-07-22,60.0,3.2
2024-07-23,60.0,3.2
2024-07-24,60.0,3.2
2024-07-25,60.0,3.2
2024-07-26,60.0,3.2
2024-07-27,60.0,3.2
2024-07-28,60.0,3.2
2024-07-29,60.0,3.2
2024-07-30,60.0,3.2
2024-07-31,60.0,3.2
2024-08-01,62.0,2.5
2024-08-02,62.0,2.5
2024-08-03,62.0,2.5
2024-08-04,62.0,2.5
2024-08-05,62.0,2.5
2024-08-06,62.0,2.5
2024-08-07,62.0,2.5
2024-08-08,62.0,2.5
2024-08-09,62.0,2.5
2024-08-10,62.0,2.5
2024-08-11,62.0,2.5
2024-08-12,62.0,2.5
2024-08-13,62.0,2.5
2024-08-14,62.0,2.5
2024-08-15,62.0,2.5
2024-08-16,62.0,2.5
2024-08-17,62.0,2.5
2024-08-18,62.0,2.5
2024-08-19,62.0,2.5
2024-08-20,62.0,2.5
2024-08-21,62.0,2.5
2024-08-22,62.0,2.5
2024-08-23,62.0,2.5
2024-08-24,62.0,2.5
2024-08-25,62.0,2.5
2024-08-26,62.0,2.5
2024-08-27,62.0,2.5
2024-08-28,62.0,2.5
2024-08-29,62.0,2.5
2024-08-30,62.0,2.5
2024-08-31,62.0,2.5
2024-09-01,62.5,3.0
2024-09-02,62.5,3.0
2024-09-03,62.5,3.0
2024-09-04,62.5,3.0
2024-09-05,62.5,3.0
2024-09-06,62.5,3.0
2024-09-07,62.5,3.0
2024-09-08,62.5,3.0
2024-09-09,62.5,3.0
2024-09-10,62.5,3.0
2024-09-11,62.5,3.0
2024-09-12,62.5,3.0
2024-09-13,62.5,3.0
2024-09-14,62.5,3.0
2024-09-15,62.5,3.0
2024-09-16,62.5,3.0
2024-09-17,62.5,3.0
2024-09-18,62.5,3.0
2024-09-19,62.5,3.0
2024-09-20,62.5,3.0
2024-09-21,62.5,3.0
2024-09-22,62.5,3.0
2024-09-23,62.5,3.0
2024-09-24,62.5,3.0
2024-09-25,62.5,3.0
2024-09-26,62.5,3.0
2024-09-27,62.5,3.0
2024-09-28,62.5,3.0
2024-09-29,62.5,3.0
2024-09-30,62.5,3.0
2024-10-01,63.0,2.9
2024-10-02,63.0,2.9
2024-10-03,63.0,2.9
2024-10-04,63.0,2.9
2024-10-05,63.0,2.9
2024-10-06,63.0,2.9
2024-10-07,63.0,2.9
2024-10-08,63.0,2.9
2024-10-09,63.0,2.9
2024-10-10,63.0,2.9
2024-10-11,63.0,2.9
2024-10-12,63.0,2.9
2024-10-13,63.0,2.9
2024-10-14,63.0,2.9
2024-10-15,63.0,2.9
2024-10-16,63.0,2.9
2024-10-17,63.0,2.9
2024-10-18,63.0,2.9
2024-10-19,63.0,2.9
2024-10-20,63.0,2.9
2024-10-21,63.0,2.9
2024-10-22,63.0,2.9
2024-10-23,63.0,2.9
2024-10-24,63.0,2.9
2024-10-25,63.0,2.9
2024-10-26,63.0,2.9
2024-10-27,63.0,2.9
2024-10-28,63.0,2.9
2024-10-29,63.0,2.9
2024-10-30,63.0,2.9
2024-10-31,63.0,2.9
2024-11-01,64.0,2.2
2024-11-02,64.0,2.2
2024-11-03,64.0,2.2
2024-11-04,64.0,2.2
2024-11-05,64.0,2.2
2024-11-06,64.0,2.2
2024-11-07,64.0,2.2
2024-11-08,64.0,2.2
2024-11-09,64.0,2.2
2024-11-10,64.0,2.2
2024-11-11,64.0,2.2
2024-11-12,64.0,2.2
2024-11-13,64.0,2.2
2024-11-14,64.0,2.2
2024-11-15,64.0,2.2
2024-11-16,64.0,2.2
2024-11-17,64.0,2.2
2024-11-18,64.0,2.2
2024-11-19,64.0,2.2
2024-11-20,64.0,2.2
2024-11-21,64.0,2.2
2024-11-22,64.0,2.2
2024-11-23,64.0,2.2
2024-11-24,64.0,2.2
2024-11-25,64.0,2.2
2024-11-26,64.0,2.2
2024-11-27,64.0,2.2
2024-11-28,64.0,2.2
2024-11-29,64.0,2.2
2024-11-30,64.0,2.2
2024-12-01,65.0,1.0
2024-12-02,65.0,1.0
2024-12-03,65.0,1.0
2024-12-04,65.0,1.0
2024-12-05,65.0,1.0
2024-12-06,65.0,1.0
2024-12-07,65.0,1.0
2024-12-08,65.0,1.0
2024-12-09,65.0,1.0
2024-12-10,65.0,1.0
2024-12-11,65.0,1.0
2024-12-12,65.0,1.0
2024-12-13,65.0,1.0
2024-12-14,65.0,1.0
2024-12-15,65.0,1.0
2024-12-16,65.0,1.0
2024-12-17,65.0,1.0
2024-12-18,65.0,1.0
2024-12-19,65.0,1.0
2024-12-20,65.0,1.0
2024-12-21,65.0,1.0
2024-12-22,65.0,1.0
2024-12-23,65.0,1.0
2024-12-24,65.0,1.0
2024-12-25,65.0,1.0
2024-12-26,65.0,1.0
2024-12-27,65.0,1.0
2024-12-28,65.0,1.0
2024-12-29,65.0,1.0
2024-12-30,65.0,1.0
2024-12-31,65.0,1.0
2025-01-01,65.5,5.0
2025-01-02,65.5,5.0
2025-01-03,65.5,5.0
2025-01-04,65.5,5.0
2025-01-05,65.5,5.0
2025-01-06,65.5,5.0
2025-01-07,65.5,5.0
2025-01-08,65.5,5.0
2025-01-09,65.5,5.0
2025-01-10,65.5,5.0
2025-01-11,65.5,5.0
2025-01-12,65.5,5.0
2025-01-13,65.5,5.0
2025-01-14,65.5,5.0
2025-01-15,65.5,5.0
2025-01-16,65.5,5.0
2025-01-17,65.5,5.0
2025-01-18,65.5,5.0
2025-01-19,65.5,5.0
2025-01-20,65.5,5.0
2025-01-21,65.5,5.0
2025-01-22,65.5,5.0
2025-01-23,65.5,5.0
2025-01-24,65.5,5.0
2025-01-25,65.5,5.0
2025-01-26,65.5,5.0
2025-01-27,65.5,5.0
2025-01-28,65.5,5.0
2025-01-29,65.5,5.0
2025-01-30,65.5,5.0
2025-01-31,65.5,5.0
2025-02-01,66.0,2.5
2025-02-02,66.0,2.5
2025-02-03,66.0,2.5
2025-02-04,66.0,2.5
2025-02-05,66.0,2.5
2025-02-06,66.0,2.5
2025-02-07,66.0,2.5
2025-02-08,66.0,2.5
2025-02-09,66.0,2.5
2025-02-10,66.0,2.5
2025-02-11,66.0,2.5
2025-02-12,66.0,2.5
2025-02-13,66.0,2.5
2025-02-14,66.0,2.5
2025-02-15,66.0,2.5
2025-02-16,66.0,2.5
2025-02-17,66.0,2.5
2025-02-18,66.0,2.5
2025-02-19,66.0,2.5
2025-02-20,66.0,2.5
2025-02-21,66.0,2.5
2025-02-22,66.0,2.5
2025-02-23,66.0,2.5
2025-02-24,66.0,2.5
2025-02-25,66.0,2.5
2025-02-26,66.0,2.5
2025-02-27,66.0,2.5
2025-02-28,66.0,2.5
2025-03-01,67.0,2.5
2025-03-02,67.0,2.5
2025-03-03,67.0,2.5
2025-03-04,67.0,2.5
2025-03-05,67.0,2.5
2025-03-06,67.0,2.5
2025-03-07,67.0,2.5
2025-03-08,67.0,2.5
2025-03-09,67.0,2.5
2025-03-10,67.0,2.5
2025-03-11,67.0,2.5
2025-03-12,67.0,2.5
2025-03-13,67.0,2.5
2025-03-14,67.0,2.5
2025-03-15,67.0,2.5
2025-03-16,67.0,2.5
2025-03-17,67.0,2.5
2025-03-18,67.0,2.5
2025-03-19,67.0,2.5
2025-03-20,67.0,2.5
2025-03-21,67.0,2.5
2025-03-22,67.0,2.5
2025-03-23,67.0,2.5
2025-03-24,67.0,2.5
2025-03-25,67.0,2.5
2025-03-26,67.0,2.5
2025-03-27,67.0,2.5
2025-03-28,67.0,2.5
2025-03-29,67.0,2.5
2025-03-30,67.0,2.5
2025-03-31,67.0,2.5
2025-04-01,67.5,3.0
2025-04-02,67.5,3.0
2025-04-03,67.5,3.0
2025-04-04,67.5,3.0
2025-04-05,67.5,3.0
2025-04-06,67.5,3.0
2025-04-07,67.5,3.0
2025-04-08,67.5,3.0
2025-04-09,67.5,3.0
2025-04-10,67.5,3.0
2025-04-11,67.5,3.0
2025-04-12,67.5,3.0
2025-04-13,67.5,3.0
2025-04-14,67.5,3.0
2025-04-15,67.5,3.0
2025-04-16,67.5,3.0
2025-04-17,67.5,3.0
2025-04-18,67.5,3.0
2025-04-19,67.5,3.0
2025-04-20,67.5,3.0
2025-04-21,67.5,3.0
2025-04-22,67.5,3.0
2025-04-23,67.5,3.0
2025-04-24,67.5,3.0
2025-04-25,67.5,3.0
2025-04-26,67.5,3.0
2025-04-27,67.5,3.0
2025-04-28,67.5,3.0
2025-04-29,67.5,3.0
2025-04-30,67.5,3.0
2025-05-01,68.0,2.0
2025-05-02,68.0,2.0
2025-05-03,68.0,2.0
2025-05-04,68.0,2.0
2025-05-05,68.0,2.0
2025-05-06,68.0,2.0
2025-05-07,68.0,2.0
2025-05-08,68.0,2.0
2025-05-09,68.0,2.0
2025-05-10,68.0,2.0
2025-05-11,68.0,2.0
2025-05-12,68.0,2.0
2025-05-13,68.0,2.0
2025-05-14,68.0,2.0
2025-05-15,68.0,2.0
2025-05-16,68.0,2.0
2025-05-17,68.0,2.0
2025-05-18,68.0,2.0
2025-05-19,68.0,2.0
2025-05-20,68.0,2.0
2025-05-21,68.0,2.0
2025-05-22,68.0,2.0
2025-05-23,68.0,2.0
2025-05-24,68.0,2.0
2025-05-25,68.0,2.0
2025-05-26,68.0,2.0
2025-05-27,68.0,2.0
2025-05-28,68.0,2.0
2025-05-29,68.0,2.0
2025-05-30,68.0,2.0
2025-05-31,68.0,2.0
2025-06-01,69.0,2.0
2025-06-02,69.0,2.0
2025-06-03,69.0,2.0
2025-06-04,69.0,2.0
2025-06-05,69.0,2.0
2025-06-06,69.0,2.0
2025-06-07,69.0,2.0
2025-06-08,69.0,2.0
2025-06-09,69.0,2.0
2025-06-10,69.0,2.0
2025-06-11,69.0,2.0
2025-06-12,69.0,2.0
2025-06-13,69.0,2.0
2025-06-14,69.0,2.0
2025-06-15,69.0,2.0
2025-06-16,69.0,2.0
2025-06-17,69.0,2.0
2025-06-18,69.0,2.0
2025-06-19,69.0,2.0
2025-06-20,69.0,2.0
2025-06-21,69.0,2.0
2025-06-22,69.0,2.0
2025-06-23,69.0,2.0
2025-06-24,69.0,2.0
2025-06-25,69.0,2.0
2025-06-26,69.0,2.0
2025-06-27,69.0,2.0
2025-06-28,69.0,2.0
2025-06-29,69.0,2.0
2025-06-30,69.0,2.0
2025-07-01,70.0,2.5
2025-07-02,70.0,2.5
2025-07-03,70.0,2.5
2025-07-04,70.0,2.5
2025-07-05,70.0,2.5
2025-07-06,70.0,2.5
2025-07-07,70.0,2.5
2025-07-08,70.0,2.5
2025-07-09,70.0,2.5
2025-07-10,70.0,2.5
2025-07-11,70.0,2.5
2025-07-12,70.0,2.5
2025-07-13,70.0,2.5
2025-07-14,70.0,2.5
2025-07-15,70.0,2.5
2025-07-16,70.0,2.5
2025-07-17,70.0,2.5
2025-07-18,70.0,2.5
2025-07-19,70.0,2.5
2025-07-20,70.0,2.5
2025-07-21,70.0,2.5
2025-07-22,70.0,2.5
2025-07-23,70.0,2.5
2025-07-24,70.0,2.5
2025-07-25,70.0,2.5
2025-07-26,70.0,2.5
2025-07-27,70.0,2.5
2025-07-28,70.0,2.5
2025-07-29,70.0,2.5
2025-07-30,70.0,2.5
2025-07-31,70.0,2.5
2025-08-01,71.0,2.0
2025-08-02,71.0,2.0
2025-08-03,71.0,2.0
2025-08-04,71.0,2.0
2025-08-05,71.0,2.0
2025-08-06,71.0,2.0
2025-08-07,71.0,2.0
2025-08-08,71.0,2.0
2025-08-09,71.0,2.0
2025-08-10,71.0,2.0
2025-08-11,71.0,2.0
2025-08-12,71.0,2.0
2025-08-13,71.0,2.0
2025-08-14,71.0,2.0
2025-08-15,71.0,2.0
2025-08-16,71.0,2.0
2025-08-17,71.0,2.0
2025-08-18,71.0,2.0
2025-08-19,71.0,2.0
2025-08-20,71.0,2.0
2025-08-21,71.0,2.0
2025-08-22,71.0,2.0
2025-08-23,71.0,2.0
2025-08-24,71.0,2.0
2025-08-25,71.0,2.0
2025-08-26,71.0,2.0
2025-08-27,71.0,2.0
2025-08-28,71.0,2.0
2025-08-29,71.0,2.0
2025-08-30,71.0,2.0
2025-08-31,71.0,2.0
2025-09-01,72.0,2.5
2025-09-02,72.0,2.5
2025-09-03,72.0,2.5
2025-09-04,72.0,2.5
2025-09-05,72.0,2.5
2025-09-06,72.0,2.5
2025-09-07,72.0,2.5
2025-09-08,72.0,2.5
2025-09-09,72.0,2.5
2025-09-10,72.0,2.5
2025-09-11,72.0,2.5
2025-09-12,72.0,2.5
2025-09-13,72.0,2.5
2025-09-14,72.0,2.5
2025-09-15,72.0,2.5
2025-09-16,72.0,2.5
2025-09-17,72.0,2.5
2025-09-18,72.0,2.5
2025-09-19,72.0,2.5
2025-09-20,72.0,2.5
2025-09-21,72.0,2.5
2025-09-22,72.0,2.5
2025-09-23,72.0,2.5
2025-09-24,72.0,2.5
2025-09-25,72.0,2.5
2025-09-26,72.0,2.5
2025-09-27,72.0,2.5
2025-09-28,72.0,2.5
2025-09-29,72.0,2.5
2025-09-30,72.0,2.5
2025-10-01,72.5,2.0
2025-10-02,72.5,2.0
2025-10-03,72.5,2.0
2025-10-04,72.5,2.0
2025-10-05,72.5,2.0
2025-10-06,72.5,2.0
2025-10-07,72.5,2.0
2025-10-08,72.5,2.0
2025-10-09,72.5,2.0
2025-10-10,72.5,2.0
2025-10-11,72.5,2.0
2025-10-12,72.5,2.0
2025-10-13,72.5,2.0
2025-10-14,72.5,2.0
2025-10-15,72.5,2.0
2025-10-16,72.5,2.0
2025-10-17,72.5,2.0
2025-10-18,72.5,2.0
2025-10-19,72.5,2.0
2025-10-20,72.5,2.0
2025-10-21,72.5,2.0
2025-10-22,72.5,2.0
2025-10-23,72.5,2.0
2025-10-24,72.5,2.0
2025-10-25,72.5,2.0
2025-10-26,72.5,2.0
2025-10-27,72.5,2.0
2025-10-28,72.5,2.0
2025-10-29,72.5,2.0
2025-10-30,72.5,2.0
2025-10-31,72.5,2.0
2025-11-01,73.0,2.0
2025-11-02,73.0,2.0
2025-11-03,73.0,2.0
2025-11-04,73.0,2.0
2025-11-05,73.0,2.0
2025-11-06,73.0,2.0
2025-11-07,73.0,2.0
2025-11-08,73.0,2.0
2025-11-09,73.0,2.0
2025-11-10,73.0,2.0
2025-11-11,73.0,2.0
2025-11-12,73.0,2.0
2025-11-13,73.0,2.0
2025-11-14,73.0,2.0
2025-11-15,73.0,2.0
2025-11-16,73.0,2.0
2025-11-17,73.0,2.0
2025-11-18,73.0,2.0
2025-11-19,73.0,2.0
2025-11-20,73.0,2.0
2025-11-21,73.0,2.0
2025-11-22,73.0,2.0
2025-11-23,73.0,2.0
2025-11-24,73.0,2.0
2025-11-25,73.0,2.0
2025-11-26,73.0,2.0
2025-11-27,73.0,2.0
2025-11-28,73.0,2.0
2025-11-29,73.0,2.0
2025-11-30,73.0,2.0
2025-12-01,74.0,2.0
2025-12-02,74.0,2.0
2025-12-03,74.0,2.0
2025-12-04,74.0,2.0
2025-12-05,74.0,2.0
2025-12-06,74.0,2.0
2025-12-07,74.0,2.0
2025-12-08,74.0,2.0
2025-12-09,74.0,2.0
2025-12-10,74.0,2.0
2025-12-11,74.0,2.0
2025-12-12,74.0,2.0
2025-12-13,74.0,2.0
2025-12-14,74.0,2.0
2025-12-15,74.0,2.0
2025-12-16,74.0,2.0
2025-12-17,74.0,2.0
2025-12-18,74.0,2.0
2025-12-19,74.0,2.0
2025-12-20,74.0,2.0
2025-12-21,74.0,2.0
2025-12-22,74.0,2.0
2025-12-23,74.0,2.0
2025-12-24,74.0,2.0
2025-12-25,74.0,2.0
2025-12-26,74.0,2.0
2025-12-27,74.0,2.0
2025-12-28,74.0,2.0
2025-12-29,74.0,2.0
2025-12-30,74.0,2.0
2025-12-31,74.0,2.0
2026-01-01,75.0,3.0
2026-01-02,75.0,3.0
2026-01-03,75.0,3.0
2026-01-04,75.0,3.0
2026-01-05,75.0,3.0
2026-01-06,75.0,3.0
2026-01-07,75.0,3.0
2026-01-08,75.0,3.0
2026-01-09,75.0,3.0
2026-01-10,75.0,3.0
2026-01-11,75.0,3.0
2026-01-12,75.0,3.0
2026-01-13,75.0,3.0
2026-01-14,75.0,3.0
2026-01-15,75.0,3.0
2026-01-16,75.0,3.0
2026-01-17,75.0,3.0
2026-01-18,75.0,3.0
2026-01-19,75.0,3.0
2026-01-20,75.0,3.0
2026-01-21,75.0,3.0
2026-01-22,75.0,3.0
2026-01-23,75.0,3.0
2026-01-24,75.0,3.0
2026-01-25,75.0,3.0
2026-01-26,75.0,3.0
2026-01-27,75.0,3.0
2026-01-28,75.0,3.0
2026-01-29,75.0,3.0
2026-01-30,75.0,3.0
2026-01-31,75.0,3.0
2026-02-01,76.0,2.5
2026-02-02,76.0,2.5
2026-02-03,76.0,2.5
2026-02-04,76.0,2.5
2026-02-05,76.0,2.5
2026-02-06,76.0,2.5
2026-02-07,76.0,2.5
2026-02-08,76.0,2.5
2026-02-09,76.0,2.5
2026-02-10,76.0,2.5
2026-02-11,76.0,2.5
2026-02-12,76.0,2.5
2026-02-13,76.0,2.5
2026-02-14,76.0,2.5
2026-02-15,76.0,2.5
2026-02-16,76.0,2.5
2026-02-17,76.0,2.5
2026-02-18,76.0,2.5
2026-02-19,76.0,2.5
2026-02-20,76.0,2.5
2026-02-21,76.0,2.5
2026-02-22,76.0,2.5
2026-02-23,76.0,2.5
2026-02-24,76.0,2.5
2026-02-25,76.0,2.5
2026-02-26,76.0,2.5
2026-02-27,76.0,2.5
2026-02-28,76.0,2.5
2026-03-01,77.0,2.5
2026-03-02,77.0,2.5
2026-03-03,77.0,2.5
2026-03-04,77.0,2.5
2026-03-05,77.0,2.5
2026-03-06,77.0,2.5
2026-03-07,77.0,2.5
2026-03-08,77.0,2.5
2026-03-09,77.0,2.5
2026-03-10,77.0,2.5
2026-03-11,77.0,2.5
2026-03-12,77.0,2.5
2026-03-13,77.0,2.5
2026-03-14,77.0,2.5
2026-03-15,77.0,2.5
2026-03-16,77.0,2.5
2026-03-17,77.0,2.5
2026-03-18,77.0,2.5
2026-03-19,77.0,2.5
2026-03-20,77.0,2.5
2026-03-21,77.0,2.5
2026-03-22,77.0,2.5
2026-03-23,77.0,2.5
2026-03-24,77.0,2.5
2026-03-25,77.0,2.5
2026-03-26,77.0,2.5
2026-03-27,77.0,2.5
2026-03-28,77.0,2.5
2026-03-29,77.0,2.5
2026-03-30,77.0,2.5
2026-03-31,77.0,2.5
2026-04-01,78.0,2.5
2026-04-02,78.0,2.5
2026-04-03,78.0,2.5
2026-04-04,78.0,2.5
2026-04-05,78.0,2.5
2026-04-06,78.0,2.5
2026-04-07,78.0,2.5
2026-04-08,78.0,2.5
2026-04-09,78.0,2.5
2026-04-10,78.0,2.5
2026-04-11,78.0,2.5
2026-04-12,78.0,2.5
2026-04-13,78.0,2.5
2026-04-14,78.0,2.5
2026-04-15,78.0,2.5
2026-04-16,78.0,2.5
2026-04-17,78.0,2.5
2026-04-18,78.0,2.5
2026-04-19,78.0,2.5
2026-04-20,78.0,2.5
2026-04-21,78.0,2.5
2026-04-22,78.0,2.5
2026-04-23,78.0,2.5
2026-04-24,78.0,2.5
2026-04-25,78.0,2.5
2026-04-26,78.0,2.5
2026-04-27,78.0,2.5
2026-04-28,78.0,2.5
