tarih,konya_ort_sicaklik,konya_min_sicaklik,konya_max_sicaklik,konya_toplam_yagis,konya_nem,konya_don_var,antalya_ort_sicaklik,antalya_min_sicaklik,antalya_max_sicaklik,antalya_toplam_yagis,antalya_nem,antalya_don_var,sicaklik_farki,antalya_don_lag1
2024-01-01,4.3,-0.3,8.3,0.5,76,1,11.5,7.7,15.6,4.3,82,0,-7.2,0
2024-01-02,7.2,3.4,13.6,4.1,82,0,13.5,11.8,16.5,12.6,87,0,-6.3,0
2024-01-03,6.1,0.0,13.1,3.0,80,0,13.0,8.2,18.2,0.0,77,0,-6.9,0
2024-01-04,8.7,4.8,14.6,0.0,74,0,14.4,11.3,18.1,0.0,81,0,-5.700000000000001,0
2024-01-05,9.1,5.7,12.7,0.0,65,0,15.1,10.1,21.2,0.0,70,0,-6.0,0
2024-01-06,4.8,-1.3,12.4,0.0,66,1,12.7,7.5,18.3,1.0,71,0,-7.8999999999999995,0
2024-01-07,6.4,1.0,14.2,0.0,72,0,14.7,12.6,15.6,35.1,90,0,-8.299999999999999,0
2024-01-08,9.0,5.1,14.1,0.1,75,0,14.4,11.5,17.9,0.2,87,0,-5.4,0
2024-01-09,6.9,4.2,10.7,9.9,88,0,12.4,10.9,14.3,30.9,92,0,-5.5,0
2024-01-10,3.9,2.0,6.4,1.5,88,0,10.9,9.4,12.6,5.7,83,0,-7.0,0
2024-01-11,3.6,1.0,6.8,0.4,76,0,11.4,7.7,16.5,0.0,58,0,-7.800000000000001,0
2024-01-12,1.7,-2.4,6.3,3.0,84,1,10.1,5.6,15.7,0.0,63,0,-8.4,0
2024-01-13,-0.6,-3.1,2.3,0.0,64,1,9.4,6.2,14.9,0.0,47,0,-10.0,0
2024-01-14,-2.0,-4.7,2.7,0.0,71,1,8.3,3.3,14.8,0.0,53,0,-10.3,0
2024-01-15,2.6,-3.7,9.9,0.0,67,1,10.1,6.5,14.4,0.0,69,0,-7.5,0
2024-01-16,6.6,2.8,12.3,0.3,78,0,12.5,9.6,17.5,2.3,81,0,-5.9,0
2024-01-17,6.0,1.0,12.1,0.1,84,0,13.7,10.4,18.2,0.0,77,0,-7.699999999999999,0
2024-01-18,6.8,-0.3,13.0,0.0,75,1,13.3,10.7,16.4,0.0,85,0,-6.500000000000001,0
2024-01-19,8.5,4.7,14.5,0.4,79,0,14.2,12.4,18.1,0.1,88,0,-5.699999999999999,0
2024-01-20,8.9,3.5,13.8,0.0,75,0,14.9,13.1,18.0,1.7,86,0,-6.0,0
2024-01-21,6.3,2.8,8.3,17.0,90,0,13.3,11.6,14.4,25.9,91,0,-7.000000000000001,0
2024-01-22,1.3,-0.1,3.5,0.3,72,1,12.5,10.2,17.0,6.5,54,0,-11.2,0
2024-01-23,-0.3,-3.0,3.3,0.0,68,1,11.3,7.1,17.1,0.0,54,0,-11.600000000000001,0
2024-01-24,-1.4,-4.7,3.7,0.0,68,1,10.3,5.0,18.5,0.0,57,0,-11.700000000000001,0
2024-01-25,-1.6,-5.6,4.0,0.0,70,1,9.6,4.7,16.0,0.0,62,0,-11.2,0
2024-01-26,0.4,-2.0,3.8,1.1,73,1,10.3,7.2,14.3,1.4,51,0,-9.9,0
2024-01-27,0.5,-1.7,3.9,0.0,62,1,9.7,7.1,14.1,0.0,43,0,-9.2,0
2024-01-28,-1.1,-4.6,3.4,0.0,70,1,8.7,4.1,13.9,0.0,45,0,-9.799999999999999,0
2024-01-29,-1.3,-3.0,1.2,0.1,70,1,8.2,5.0,12.7,0.0,40,0,-9.5,0
2024-01-30,-0.9,-3.4,2.4,0.3,65,1,9.1,7.3,12.9,0.1,40,0,-10.0,0
2024-01-31,0.7,-1.8,4.5,0.0,67,1,9.9,6.6,15.6,0.0,47,0,-9.200000000000001,0
2024-02-01,-0.3,-4.5,5.3,0.0,70,1,9.6,4.9,16.5,0.0,55,0,-9.9,0
2024-02-02,0.7,-4.2,6.5,0.0,67,1,9.5,3.9,15.6,0.0,64,0,-8.8,0
2024-02-03,0.1,-4.0,5.6,0.0,65,1,10.5,5.4,15.6,0.0,67,0,-10.4,0
2024-02-04,1.7,-3.4,8.0,0.0,70,1,9.6,3.5,15.8,0.0,67,0,-7.8999999999999995,0
2024-02-05,3.3,-2.2,10.6,0.0,67,1,12.1,6.8,19.9,0.0,58,0,-8.8,0
2024-02-06,5.8,-0.7,15.0,0.0,68,1,11.8,6.0,18.6,0.0,61,0,-6.000000000000001,0
2024-02-07,6.8,-0.9,17.5,0.0,69,1,11.2,4.1,17.7,0.0,72,0,-4.3999999999999995,0
2024-02-08,7.5,2.5,13.2,0.0,74,0,13.3,11.2,16.1,1.0,86,0,-5.800000000000001,0
2024-02-09,6.2,2.4,12.1,0.5,79,0,12.0,8.4,15.6,20.6,85,0,-5.8,0
2024-02-10,5.7,-0.9,14.9,0.0,70,1,11.4,6.3,17.4,0.0,76,0,-5.7,0
2024-02-11,6.4,-0.1,15.5,0.0,71,1,13.2,11.4,15.9,0.8,81,0,-6.799999999999999,0
2024-02-12,8.4,3.3,15.0,0.0,60,0,12.9,10.9,16.6,14.8,90,0,-4.5,0
2024-02-13,8.0,2.7,14.5,1.5,73,0,12.1,10.8,13.8,75.3,90,0,-4.1,0
2024-02-14,5.6,2.5,8.7,3.5,88,0,10.2,8.9,11.3,39.0,85,0,-4.6,0
2024-02-15,4.5,0.2,10.5,0.0,81,0,10.7,7.7,14.1,0.8,80,0,-6.199999999999999,0
2024-02-16,5.0,0.7,9.3,0.3,77,0,12.3,7.7,18.5,0.2,69,0,-7.300000000000001,0
2024-02-17,5.7,1.5,9.5,0.1,70,0,12.0,6.4,18.5,0.6,68,0,-6.3,0
2024-02-18,4.2,0.9,6.9,1.4,74,0,12.3,7.1,19.1,4.2,56,0,-8.100000000000001,0
2024-02-19,3.5,-0.7,7.2,0.0,70,1,11.2,7.2,17.6,0.0,54,0,-7.699999999999999,0
2024-02-20,3.6,-2.1,9.2,0.0,64,1,10.7,5.6,17.1,0.0,60,0,-7.1,0
2024-02-21,4.8,-1.6,12.5,0.4,67,1,11.1,5.8,16.4,0.1,74,0,-6.3,0
2024-02-22,4.0,-0.6,10.1,0.1,80,1,12.1,7.6,17.0,0.0,73,0,-8.1,0
2024-02-23,5.6,-1.4,14.4,0.0,64,1,11.7,5.8,18.6,0.0,67,0,-6.1,0
2024-02-24,6.6,0.1,13.6,0.0,59,0,12.2,6.5,19.3,0.0,70,0,-5.6,0
2024-02-25,7.8,0.6,14.6,0.0,56,0,13.1,7.5,20.4,0.0,67,0,-5.3,0
2024-02-26,8.0,4.4,13.7,1.8,61,0,11.3,8.9,13.6,10.5,86,0,-3.3000000000000007,0
2024-02-27,8.0,3.2,13.4,0.0,71,0,13.5,9.5,18.8,0.8,75,0,-5.5,0
2024-02-28,8.8,2.5,15.8,0.0,54,0,12.9,6.7,18.5,0.0,74,0,-4.1,0
2024-02-29,9.7,2.5,16.5,0.0,41,0,13.1,8.0,19.2,0.0,73,0,-3.4000000000000004,0
2024-03-01,11.2,5.1,17.3,0.0,33,0,11.6,5.3,18.3,0.0,62,0,-0.40000000000000036,0
2024-03-02,9.7,2.7,17.1,0.5,43,0,12.8,5.8,18.5,2.6,66,0,-3.1000000000000014,0
2024-03-03,7.7,2.8,13.7,0.4,59,0,13.1,7.4,19.7,0.0,70,0,-5.3999999999999995,0
2024-03-04,7.4,0.3,14.4,0.3,62,0,13.0,7.8,18.2,0.1,72,0,-5.6,0
2024-03-05,8.4,1.5,16.0,1.0,55,0,12.7,10.4,15.9,17.0,85,0,-4.299999999999999,0
2024-03-06,6.0,1.7,10.4,4.0,77,0,13.0,8.7,17.8,2.1,75,0,-7.0,0
2024-03-07,4.8,-1.3,12.5,0.2,65,1,12.5,7.1,19.6,0.0,61,0,-7.7,0
2024-03-08,6.0,-0.1,13.3,1.8,61,1,11.4,7.0,15.5,0.5,75,0,-5.4,0
2024-03-09,4.5,-0.8,9.6,0.3,67,1,12.0,7.2,18.5,0.0,58,0,-7.5,0
2024-03-10,3.2,-2.6,9.6,0.0,63,1,12.7,7.6,19.7,0.0,46,0,-9.5,0
2024-03-11,6.4,-2.0,14.8,0.0,52,1,11.2,4.9,18.2,0.0,57,0,-4.799999999999999,0
2024-03-12,9.1,0.9,19.1,0.0,48,0,11.7,6.2,17.1,0.0,73,0,-2.5999999999999996,0
2024-03-13,9.8,3.3,17.3,1.4,37,0,13.5,10.4,18.1,0.4,75,0,-3.6999999999999993,0
2024-03-14,6.9,0.2,13.5,1.2,62,0,12.5,6.9,18.3,4.5,71,0,-5.6,0
2024-03-15,6.6,1.7,13.0,0.5,63,0,13.0,7.9,18.1,2.3,73,0,-6.4,0
2024-03-16,5.5,-0.3,11.5,0.4,69,1,12.6,7.2,18.5,0.0,67,0,-7.1,0
2024-03-17,7.4,1.5,12.5,0.0,60,0,12.1,7.4,17.9,0.5,70,0,-4.699999999999999,0
2024-03-18,8.2,2.4,14.1,0.0,51,0,13.6,7.9,21.3,0.0,62,0,-5.4,0
2024-03-19,8.1,2.5,14.6,0.0,43,0,14.4,7.8,22.0,0.0,52,0,-6.300000000000001,0
2024-03-20,7.8,2.3,14.5,2.2,54,0,13.7,9.6,18.4,5.7,70,0,-5.8999999999999995,0
2024-03-21,4.5,-0.4,7.8,1.6,74,1,13.2,8.6,18.8,0.0,53,0,-8.7,0
2024-03-22,1.6,-4.2,8.0,0.6,63,1,11.9,7.3,17.1,0.0,36,0,-10.3,0
2024-03-23,2.4,-3.8,7.7,0.0,62,1,11.3,5.2,18.2,0.0,46,0,-8.9,0
2024-03-24,5.2,-3.0,14.0,0.0,52,1,11.3,4.8,17.6,0.0,57,0,-6.1000000000000005,0
2024-03-25,8.0,-0.8,16.8,0.0,56,1,12.5,6.9,17.3,0.0,69,0,-4.5,0
2024-03-26,8.5,4.7,13.9,1.1,71,0,16.1,12.1,21.6,0.0,62,0,-7.600000000000001,0
2024-03-27,12.0,4.8,20.4,0.3,55,0,15.8,12.6,20.2,0.0,71,0,-3.8000000000000007,0
2024-03-28,13.4,3.9,23.5,0.8,49,0,16.0,11.9,20.4,0.0,67,0,-2.5999999999999996,0
2024-03-29,14.7,10.3,20.6,1.0,55,0,18.6,12.7,25.1,0.3,59,0,-3.900000000000002,0
2024-03-30,15.7,6.9,22.7,0.0,43,0,18.1,11.1,26.2,0.0,64,0,-2.400000000000002,0
2024-03-31,17.0,8.7,25.3,0.0,34,0,18.8,11.2,26.3,0.0,58,0,-1.8000000000000007,0
2024-04-01,17.2,9.1,25.4,0.0,36,0,18.9,12.1,26.1,0.0,62,0,-1.6999999999999993,0
2024-04-02,18.8,10.2,27.3,0.0,31,0,19.4,11.9,26.7,0.0,61,0,-0.5999999999999979,0
2024-04-03,18.6,8.8,28.1,0.0,37,0,18.6,11.7,26.5,0.0,64,0,0.0,0
2024-04-04,17.0,8.2,27.1,0.0,43,0,17.0,10.4,23.1,0.0,77,0,0.0,0
2024-04-05,15.0,8.6,21.1,0.0,38,0,17.8,12.8,23.8,0.0,76,0,-2.8000000000000007,0
2024-04-06,12.6,7.7,17.0,0.0,36,0,19.2,12.9,26.4,0.0,42,0,-6.6,0
2024-04-07,12.0,5.8,17.1,0.0,30,0,18.6,12.1,25.6,0.0,37,0,-6.600000000000001,0
2024-04-08,8.0,5.9,11.3,2.8,65,0,18.5,14.3,22.6,0.0,34,0,-10.5,0
2024-04-09,10.6,5.1,16.7,7.9,69,0,17.3,11.3,25.4,0.7,54,0,-6.700000000000001,0
2024-04-10,13.7,9.7,19.3,0.7,62,0,17.0,10.8,22.9,0.0,72,0,-3.3000000000000007,0
2024-04-11,13.1,6.7,19.2,0.1,62,0,17.9,13.2,22.6,0.0,78,0,-4.799999999999999,0
2024-04-12,14.1,7.6,20.9,0.0,58,0,18.6,13.4,24.2,0.0,74,0,-4.500000000000002,0
2024-04-13,13.7,8.5,18.8,1.2,64,0,21.0,14.2,29.0,0.0,60,0,-7.300000000000001,0
2024-04-14,13.2,9.3,17.7,0.6,58,0,22.1,15.2,29.4,0.0,37,0,-8.900000000000002,0
2024-04-15,13.9,6.6,20.2,0.0,40,0,21.8,15.5,30.7,0.0,38,0,-7.9,0
2024-04-16,16.6,5.8,27.2,0.0,34,0,19.8,12.1,27.1,0.0,56,0,-3.1999999999999993,0
2024-04-17,18.1,9.5,26.2,0.1,29,0,19.6,14.3,25.7,0.0,52,0,-1.5,0
2024-04-18,18.1,11.1,24.9,0.0,38,0,19.5,15.5,23.7,0.9,65,0,-1.3999999999999986,0
2024-04-19,16.1,6.5,26.3,0.0,46,0,19.0,16.4,23.2,0.2,76,0,-2.8999999999999986,0
2024-04-20,14.0,9.6,19.6,0.6,51,0,17.7,14.6,21.1,7.8,77,0,-3.6999999999999993,0
2024-04-21,14.4,6.1,22.9,0.0,51,0,17.0,13.5,21.5,0.0,71,0,-2.5999999999999996,0
2024-04-22,16.9,8.3,24.0,0.0,39,0,18.2,14.6,22.5,0.0,67,0,-1.3000000000000007,0
2024-04-23,20.2,10.9,31.4,0.0,34,0,19.0,12.1,25.1,0.0,67,0,1.1999999999999993,0
2024-04-24,23.0,15.8,31.8,0.0,19,0,21.1,12.8,28.6,0.0,51,0,1.8999999999999986,0
2024-04-25,23.1,16.6,29.6,0.1,21,0,22.3,17.0,27.9,0.0,55,0,0.8000000000000007,0
2024-04-26,22.2,14.7,29.1,0.4,24,0,22.0,16.4,28.3,0.0,63,0,0.1999999999999993,0
2024-04-27,17.8,11.4,27.9,1.3,48,0,20.0,12.9,28.3,0.0,59,0,-2.1999999999999993,0
2024-04-28,19.3,12.9,27.0,1.9,53,0,21.6,13.8,29.7,0.0,55,0,-2.3000000000000007,0
2024-04-29,17.5,12.1,24.9,5.3,68,0,21.9,14.8,29.7,0.0,56,0,-4.399999999999999,0
2024-04-30,16.7,12.2,23.4,7.4,74,0,23.2,15.9,31.6,0.2,59,0,-6.5,0
2024-05-01,16.4,11.7,22.4,9.0,73,0,23.0,17.1,28.4,2.3,65,0,-6.600000000000001,0
2024-05-02,15.9,9.9,24.2,0.6,67,0,21.6,16.1,26.9,0.0,69,0,-5.700000000000001,0
2024-05-03,15.1,7.8,21.1,0.9,58,0,21.1,17.0,27.2,0.0,56,0,-6.000000000000002,0
2024-05-04,13.8,8.5,21.1,5.7,59,0,19.8,15.5,24.5,0.0,47,0,-6.0,0
2024-05-05,8.8,6.6,12.0,19.9,79,0,18.7,13.1,23.9,0.0,48,0,-9.899999999999999,0
2024-05-06,9.9,5.0,15.6,0.0,55,0,19.8,13.9,27.1,0.0,39,0,-9.9,0
2024-05-07,11.6,2.3,18.9,0.0,45,0,19.4,11.9,27.6,0.0,43,0,-7.799999999999999,0
2024-05-08,15.8,5.9,23.9,0.0,42,0,18.4,11.8,23.6,0.0,63,0,-2.599999999999998,0
2024-05-09,16.0,9.1,22.8,0.0,43,0,19.2,13.3,24.2,0.1,56,0,-3.1999999999999993,0
2024-05-10,16.4,8.5,27.1,0.3,45,0,21.7,13.2,30.0,3.0,43,0,-5.300000000000001,0
2024-05-11,15.5,11.5,19.9,3.9,52,0,18.2,15.4,21.5,3.4,80,0,-2.6999999999999993,0
2024-05-12,11.9,8.5,15.4,8.4,75,0,18.1,13.8,23.9,6.8,77,0,-6.200000000000001,0
2024-05-13,12.4,8.0,17.0,1.8,64,0,20.3,14.9,27.5,0.0,51,0,-7.9,0
2024-05-14,10.8,4.3,16.1,0.0,60,0,20.2,15.9,26.5,0.0,52,0,-9.399999999999999,0
2024-05-15,13.7,6.2,21.0,0.1,51,0,19.4,13.4,23.7,0.0,64,0,-5.699999999999999,0
2024-05-16,15.0,7.4,22.5,0.5,63,0,19.5,12.9,25.1,0.0,66,0,-4.5,0
2024-05-17,17.3,9.5,25.6,0.2,64,0,20.9,14.6,26.1,0.0,64,0,-3.599999999999998,0
2024-05-18,19.9,13.5,27.9,1.1,57,0,21.8,16.8,27.6,0.0,68,0,-1.9000000000000021,0
2024-05-19,19.0,12.5,25.8,0.6,55,0,22.6,17.2,27.3,0.0,67,0,-3.6000000000000014,0
2024-05-20,20.0,12.8,27.4,0.8,57,0,23.1,17.8,26.7,0.0,72,0,-3.1000000000000014,0
2024-05-21,21.3,13.0,29.0,0.0,51,0,26.0,19.0,33.4,0.0,57,0,-4.699999999999999,0
2024-05-22,21.6,12.6,30.5,0.9,42,0,24.4,19.2,29.6,0.0,59,0,-2.799999999999997,0
2024-05-23,19.5,11.5,27.6,0.0,56,0,22.1,17.2,27.8,0.6,75,0,-2.6000000000000014,0
2024-05-24,15.2,11.6,19.5,1.7,63,0,23.1,17.9,28.1,0.0,44,0,-7.900000000000002,0
2024-05-25,17.0,10.9,23.1,0.0,54,0,24.3,19.8,31.8,0.0,43,0,-7.300000000000001,0
2024-05-26,16.9,9.6,24.0,0.8,59,0,22.0,16.3,28.0,2.8,62,0,-5.100000000000001,0
2024-05-27,15.7,10.8,20.4,0.5,71,0,22.2,16.9,28.8,1.2,66,0,-6.5,0
2024-05-28,15.0,9.5,20.3,6.8,72,0,22.1,17.4,26.6,1.9,60,0,-7.100000000000001,0
2024-05-29,15.7,9.4,23.1,2.3,71,0,21.0,16.1,25.2,0.5,74,0,-5.300000000000001,0
2024-05-30,16.6,9.0,23.7,0.2,63,0,21.1,16.2,25.5,9.2,73,0,-4.5,0
2024-05-31,16.8,9.1,23.3,2.9,61,0,21.6,16.5,25.5,0.0,72,0,-4.800000000000001,0
2024-06-01,19.5,11.0,28.1,0.0,52,0,22.3,15.7,27.8,0.0,69,0,-2.8000000000000007,0
2024-06-02,22.3,13.8,29.0,0.0,41,0,25.2,16.1,32.6,0.0,59,0,-2.8999999999999986,0
2024-06-03,24.5,17.2,31.0,0.0,39,0,28.6,18.6,38.2,0.0,50,0,-4.100000000000001,0
2024-06-04,25.9,18.0,32.6,0.0,35,0,29.8,21.2,40.4,0.0,47,0,-3.900000000000002,0
2024-06-05,26.5,17.4,33.9,0.0,32,0,32.6,23.0,42.7,0.0,32,0,-6.100000000000001,0
2024-06-06,26.5,18.6,33.6,0.0,31,0,33.3,24.9,41.8,0.0,27,0,-6.799999999999997,0
2024-06-07,24.2,17.0,30.9,0.8,42,0,33.1,26.9,39.8,0.0,26,0,-8.900000000000002,0
2024-06-08,20.4,14.7,25.9,3.3,60,0,30.9,24.2,37.8,0.1,29,0,-10.5,0
2024-06-09,20.6,13.9,26.8,0.0,54,0,30.1,24.8,36.1,0.0,35,0,-9.5,0
2024-06-10,21.9,15.0,28.6,0.0,42,0,29.6,22.4,37.3,0.0,36,0,-7.700000000000003,0
2024-06-11,24.5,15.5,32.9,0.0,38,0,28.8,21.5,37.7,0.0,45,0,-4.300000000000001,0
2024-06-12,27.6,17.5,36.3,0.0,31,0,29.4,21.9,38.1,0.0,49,0,-1.7999999999999972,0
2024-06-13,28.2,19.2,36.1,0.0,29,0,31.6,24.0,42.7,0.0,37,0,-3.400000000000002,0
2024-06-14,28.6,18.8,37.1,1.5,28,0,32.4,26.5,42.2,0.0,34,0,-3.799999999999997,0
2024-06-15,24.4,19.4,29.7,0.0,40,0,31.0,24.2,40.2,0.0,38,0,-6.600000000000001,0
2024-06-16,23.7,15.2,31.7,0.0,39,0,28.2,23.4,32.8,0.0,47,0,-4.5,0
2024-06-17,26.3,17.9,33.4,0.0,31,0,26.3,22.0,30.6,0.0,68,0,0.0,0
2024-06-18,27.6,19.6,34.3,0.0,26,0,27.2,22.5,32.2,0.0,67,0,0.40000000000000213,0
2024-06-19,27.4,20.2,33.8,0.0,29,0,28.6,21.9,35.2,0.0,57,0,-1.2000000000000028,0
2024-06-20,27.3,19.6,34.1,0.0,30,0,28.6,22.1,34.3,0.0,60,0,-1.3000000000000007,0
2024-06-21,26.2,20.0,31.7,0.0,35,0,30.2,23.5,38.5,0.0,55,0,-4.0,0
2024-06-22,26.0,18.6,32.7,0.0,33,0,29.9,25.0,37.5,0.0,48,0,-3.8999999999999986,0
2024-06-23,26.5,17.3,34.6,0.0,21,0,29.5,23.5,36.5,0.0,51,0,-3.0,0
2024-06-24,27.9,18.0,35.7,0.0,20,0,27.9,23.1,32.1,0.0,67,0,0.0,0
2024-06-25,29.8,20.3,37.3,0.0,22,0,28.3,23.2,32.8,0.0,71,0,1.5,0
2024-06-26,26.7,20.6,33.0,0.0,37,0,30.6,24.1,37.0,0.0,53,0,-3.900000000000002,0
2024-06-27,25.2,17.5,32.2,0.0,32,0,30.0,25.3,37.1,0.0,52,0,-4.800000000000001,0
2024-06-28,27.1,18.0,34.8,0.7,27,0,28.8,23.8,33.6,0.0,58,0,-1.6999999999999993,0
2024-06-29,25.0,20.2,29.9,0.0,28,0,29.8,23.4,35.9,1.0,54,0,-4.800000000000001,0
2024-06-30,22.4,17.1,27.6,0.0,38,0,32.7,27.7,39.0,0.0,23,0,-10.300000000000004,0
2024-07-01,23.4,16.7,29.1,0.0,35,0,32.2,25.2,39.5,0.0,24,0,-8.800000000000004,0
2024-07-02,24.4,17.0,30.8,0.0,31,0,31.5,23.5,39.5,0.0,28,0,-7.100000000000001,0
2024-07-03,27.4,17.2,36.4,0.2,24,0,28.9,23.5,34.5,0.0,50,0,-1.5,0
2024-07-04,26.3,18.2,32.7,0.0,26,0,26.7,24.3,29.5,4.7,74,0,-0.3999999999999986,0
2024-07-05,24.0,16.9,30.5,0.0,44,0,26.8,22.5,31.2,6.7,68,0,-2.8000000000000007,0
2024-07-06,23.4,17.6,28.4,0.0,46,0,31.3,23.5,37.8,0.0,35,0,-7.900000000000002,0
2024-07-07,25.1,18.4,31.3,0.0,45,0,33.6,27.2,41.0,0.0,29,0,-8.5,0
2024-07-08,25.9,18.8,32.6,0.0,44,0,33.8,28.4,41.3,0.0,37,0,-7.899999999999999,0
2024-07-09,26.4,21.4,31.2,0.0,40,0,32.8,26.1,40.9,0.0,44,0,-6.399999999999999,0
2024-07-10,25.7,20.5,32.0,3.6,46,0,31.7,27.1,36.2,1.3,45,0,-6.0,0
2024-07-11,24.8,17.9,31.9,0.0,46,0,30.7,25.1,35.5,0.0,45,0,-5.899999999999999,0
2024-07-12,25.4,17.7,32.5,0.0,44,0,30.3,24.0,36.5,0.0,53,0,-4.900000000000002,0
2024-07-13,25.7,18.7,32.7,0.2,43,0,28.5,23.8,33.0,0.0,65,0,-2.8000000000000007,0
2024-07-14,25.1,20.1,29.9,0.0,49,0,30.9,24.8,36.6,0.5,51,0,-5.799999999999997,0
2024-07-15,25.6,19.5,31.5,0.0,42,0,32.2,25.8,39.6,0.0,42,0,-6.600000000000001,0
2024-07-16,26.1,19.1,32.5,0.0,38,0,30.7,25.3,36.8,1.9,55,0,-4.599999999999998,0
2024-07-17,27.1,21.5,32.9,2.6,38,0,30.5,24.2,36.3,0.0,56,0,-3.3999999999999986,0
2024-07-18,26.8,19.5,32.8,0.0,43,0,31.6,25.8,39.1,0.0,50,0,-4.800000000000001,0
2024-07-19,27.3,22.3,32.2,0.0,37,0,34.4,27.0,42.1,0.0,36,0,-7.099999999999998,0
2024-07-20,26.6,20.5,31.7,0.0,31,0,34.6,28.0,42.5,0.0,25,0,-8.0,0
2024-07-21,28.0,20.3,34.5,0.0,31,0,33.5,26.8,42.1,0.0,32,0,-5.5,0
2024-07-22,29.1,19.8,36.1,0.0,31,0,32.1,26.7,38.7,0.0,46,0,-3.0,0
2024-07-23,29.6,22.1,35.8,0.0,30,0,31.4,27.0,35.0,0.0,58,0,-1.7999999999999972,0
2024-07-24,26.9,20.6,32.9,0.4,44,0,31.4,27.4,35.6,1.4,63,0,-4.5,0
2024-07-25,26.7,21.4,32.8,1.0,46,0,29.3,27.0,33.2,20.5,80,0,-2.6000000000000014,0
2024-07-26,23.3,17.8,28.1,1.5,59,0,30.4,24.5,35.8,0.3,59,0,-7.099999999999998,0
2024-07-27,22.0,14.8,27.8,0.0,50,0,32.2,27.1,38.3,0.0,28,0,-10.200000000000003,0
2024-07-28,22.9,16.9,29.0,0.0,49,0,32.4,26.1,40.0,0.0,34,0,-9.5,0
2024-07-29,23.1,16.1,29.8,0.0,36,0,32.7,25.6,40.5,0.0,33,0,-9.600000000000001,0
2024-07-30,24.4,16.9,30.7,0.0,32,0,31.9,24.5,40.0,0.0,36,0,-7.5,0
2024-07-31,24.0,18.4,29.9,0.0,41,0,32.5,26.2,39.9,0.0,32,0,-8.5,0
2024-08-01,24.3,17.0,30.6,0.0,32,0,32.2,25.8,39.3,0.0,35,0,-7.900000000000002,0
2024-08-02,25.5,17.3,32.6,0.0,33,0,31.3,24.4,38.0,0.0,43,0,-5.800000000000001,0
2024-08-03,27.1,17.1,35.0,0.0,27,0,29.4,24.5,33.5,0.0,60,0,-2.299999999999997,0
2024-08-04,27.7,19.6,34.1,0.0,23,0,28.9,24.5,32.8,0.0,71,0,-1.1999999999999993,0
2024-08-05,27.8,20.1,33.7,0.0,30,0,29.7,25.1,34.2,0.0,66,0,-1.8999999999999986,0
2024-08-06,27.1,18.9,33.8,0.0,37,0,29.3,24.6,33.4,0.0,63,0,-2.1999999999999993,0
2024-08-07,27.1,20.8,32.7,0.0,33,0,29.3,25.3,33.8,0.0,66,0,-2.1999999999999993,0
2024-08-08,26.8,18.9,33.7,0.0,35,0,29.1,25.5,33.4,0.0,66,0,-2.3000000000000007,0
2024-08-09,28.3,21.3,35.2,0.0,31,0,28.8,24.5,33.2,0.0,70,0,-0.5,0
2024-08-10,27.2,21.1,32.2,0.3,36,0,28.9,24.4,32.8,0.0,70,0,-1.6999999999999993,0
2024-08-11,25.0,19.9,30.2,0.0,41,0,31.6,26.1,40.0,0.0,52,0,-6.600000000000001,0
2024-08-12,24.1,18.2,29.8,0.0,35,0,33.4,26.4,40.9,0.0,26,0,-9.299999999999997,0
2024-08-13,24.5,17.6,31.5,0.0,34,0,32.3,26.0,40.0,0.0,27,0,-7.799999999999997,0
2024-08-14,26.8,19.1,33.8,0.0,28,0,31.3,24.6,38.3,0.0,39,0,-4.5,0
2024-08-15,26.3,19.6,32.9,0.0,29,0,30.7,25.9,37.5,0.0,47,0,-4.399999999999999,0
2024-08-16,24.0,18.4,29.8,0.0,30,0,33.7,25.5,42.2,0.0,23,0,-9.700000000000003,0
2024-08-17,21.1,15.0,27.1,0.0,41,0,32.8,28.1,40.7,0.0,21,0,-11.699999999999996,0
2024-08-18,23.7,15.1,31.9,0.0,35,0,30.1,24.5,36.8,0.0,35,0,-6.400000000000002,0
2024-08-19,26.7,17.3,35.5,0.0,29,0,29.1,22.7,35.8,0.0,50,0,-2.400000000000002,0
2024-08-20,27.9,19.4,35.9,0.0,29,0,28.3,22.9,33.1,0.0,54,0,-0.40000000000000213,0
2024-08-21,28.5,20.3,36.8,0.0,28,0,28.3,23.0,32.3,0.0,65,0,0.1999999999999993,0
2024-08-22,26.6,18.8,33.6,0.0,38,0,28.9,25.4,31.9,0.7,66,0,-2.299999999999997,0
2024-08-23,26.6,20.3,32.8,0.0,45,0,28.8,25.9,33.0,0.8,68,0,-2.1999999999999993,0
2024-08-24,23.8,19.3,29.0,1.3,54,0,30.9,25.0,37.6,0.0,51,0,-7.099999999999998,0
2024-08-25,22.5,16.7,27.9,0.1,53,0,31.0,25.8,37.0,0.3,44,0,-8.5,0
2024-08-26,22.0,15.8,29.3,0.3,56,0,29.3,24.8,33.8,0.0,61,0,-7.300000000000001,0
2024-08-27,23.1,16.5,30.1,0.0,45,0,28.6,23.7,33.2,1.0,63,0,-5.5,0
2024-08-28,23.0,15.5,29.2,0.0,47,0,28.7,23.4,33.2,0.0,60,0,-5.699999999999999,0
2024-08-29,23.2,17.2,29.8,0.1,49,0,28.0,23.6,32.1,1.5,64,0,-4.800000000000001,0
2024-08-30,22.5,15.3,29.1,0.0,51,0,29.0,23.1,34.9,0.0,56,0,-6.5,0
2024-08-31,22.8,16.6,29.3,0.1,49,0,28.4,23.4,34.7,4.1,55,0,-5.599999999999998,0
2024-09-01,21.1,15.3,28.1,5.1,60,0,25.4,21.5,30.5,14.1,68,0,-4.299999999999997,0
2024-09-02,20.6,14.6,27.5,0.7,65,0,24.8,20.9,29.3,5.2,75,0,-4.199999999999999,0
2024-09-03,21.6,16.4,27.0,0.5,59,0,26.0,21.7,29.8,0.0,72,0,-4.399999999999999,0
2024-09-04,22.3,15.8,28.5,0.3,56,0,27.5,22.2,33.1,2.9,62,0,-5.199999999999999,0
2024-09-05,22.7,17.7,28.2,1.5,53,0,28.1,22.8,35.5,0.3,57,0,-5.400000000000002,0
2024-09-06,22.4,15.6,28.8,0.0,44,0,28.7,23.1,37.0,0.0,51,0,-6.300000000000001,0
2024-09-07,22.0,14.3,28.8,0.0,40,0,28.9,22.6,38.0,0.0,44,0,-6.899999999999999,0
2024-09-08,21.2,14.7,27.9,2.2,54,0,27.4,22.4,34.5,1.2,54,0,-6.199999999999999,0
2024-09-09,20.7,13.7,27.8,0.0,55,0,26.2,22.1,31.0,2.4,71,0,-5.5,0
2024-09-10,21.6,14.1,30.0,0.0,54,0,26.2,22.9,29.4,0.5,71,0,-4.599999999999998,0
2024-09-11,21.2,13.3,29.0,0.5,53,0,24.8,21.7,28.5,8.7,77,0,-3.6000000000000014,0
2024-09-12,21.7,14.6,29.1,0.3,56,0,25.6,21.1,30.0,0.0,73,0,-3.900000000000002,0
2024-09-13,23.0,16.0,30.9,0.0,44,0,25.3,20.2,30.1,0.0,68,0,-2.3000000000000007,0
2024-09-14,23.0,15.2,30.3,0.0,46,0,26.5,20.5,33.5,0.0,60,0,-3.5,0
2024-09-15,23.9,17.8,31.5,0.0,40,0,26.0,21.9,29.4,1.0,69,0,-2.1000000000000014,0
2024-09-16,20.5,15.0,26.3,0.0,53,0,25.7,21.5,30.8,0.0,62,0,-5.199999999999999,0
2024-09-17,21.0,15.2,27.8,0.0,48,0,25.0,20.1,29.5,0.0,60,0,-4.0,0
2024-09-18,21.4,14.6,27.7,0.0,41,0,24.4,19.4,29.2,0.0,64,0,-3.0,0
2024-09-19,19.6,14.6,24.4,0.0,54,0,25.2,19.8,31.0,0.0,58,0,-5.599999999999998,0
2024-09-20,18.5,13.3,23.8,4.2,59,0,24.0,20.4,30.9,25.4,67,0,-5.5,0
2024-09-21,18.3,13.2,23.9,3.9,61,0,23.4,19.8,28.9,0.6,67,0,-5.099999999999998,0
2024-09-22,15.3,13.0,18.7,1.9,72,0,23.7,18.3,30.4,0.0,54,0,-8.399999999999999,0
2024-09-23,14.6,9.4,19.5,0.1,68,0,23.5,17.5,30.5,0.0,50,0,-8.9,0
2024-09-24,15.2,9.9,20.9,0.0,67,0,23.5,18.4,29.2,0.0,55,0,-8.3,0
2024-09-25,16.2,9.8,22.8,0.0,60,0,24.2,17.8,32.0,0.0,49,0,-8.0,0
2024-09-26,17.6,11.9,24.2,0.0,52,0,25.3,18.0,35.0,0.0,44,0,-7.699999999999999,0
2024-09-27,18.6,12.6,25.6,0.0,48,0,25.7,19.0,35.2,0.0,43,0,-7.099999999999998,0
2024-09-28,19.8,13.5,27.1,0.0,37,0,25.1,17.9,34.3,0.0,49,0,-5.300000000000001,0
2024-09-29,20.1,11.7,29.3,0.0,37,0,24.1,17.0,31.5,0.0,59,0,-4.0,0
2024-09-30,17.7,12.6,27.7,13.9,60,0,22.1,19.5,26.0,9.2,83,0,-4.400000000000002,0
2024-10-01,13.2,7.8,19.0,0.4,68,0,23.1,18.4,29.2,0.0,38,0,-9.900000000000002,0
2024-10-02,12.4,6.5,19.0,0.0,67,0,22.7,18.5,29.1,0.0,40,0,-10.299999999999999,0
2024-10-03,15.4,7.5,23.4,0.0,61,0,21.9,16.2,27.5,0.0,60,0,-6.499999999999998,0
2024-10-04,17.2,10.2,24.8,0.0,54,0,21.7,15.4,27.6,0.0,67,0,-4.5,0
2024-10-05,18.1,11.1,24.9,0.0,47,0,22.3,15.2,28.6,0.0,64,0,-4.199999999999999,0
2024-10-06,18.6,11.2,27.4,0.0,43,0,22.6,15.9,29.5,0.0,62,0,-4.0,0
2024-10-07,18.5,11.5,27.5,0.0,49,0,23.7,17.8,29.8,0.2,66,0,-5.199999999999999,0
2024-10-08,18.1,11.1,25.5,0.0,51,0,24.1,19.0,30.7,0.0,66,0,-6.0,0
2024-10-09,20.4,14.4,28.7,0.0,41,0,22.3,15.6,28.1,0.0,64,0,-1.9000000000000021,0
2024-10-10,18.8,10.5,28.1,0.0,47,0,22.1,16.5,27.5,0.0,70,0,-3.3000000000000007,0
2024-10-11,19.3,12.6,27.0,0.1,54,0,22.6,18.3,27.5,0.0,65,0,-3.3000000000000007,0
2024-10-12,20.0,12.1,29.1,0.0,48,0,22.5,17.5,27.3,0.0,71,0,-2.5,0
2024-10-13,18.3,13.0,24.0,0.0,61,0,23.2,18.9,28.1,0.0,73,0,-4.899999999999999,0
2024-10-14,17.6,12.0,23.8,0.0,57,0,23.3,19.2,27.2,0.2,77,0,-5.699999999999999,0
2024-10-15,16.8,10.9,23.1,0.0,59,0,23.1,19.4,28.0,0.0,73,0,-6.300000000000001,0
2024-10-16,17.1,11.0,23.6,0.0,53,0,22.6,17.4,27.9,0.0,68,0,-5.5,0
2024-10-17,12.4,7.9,16.7,0.0,52,0,22.6,18.9,27.7,0.0,34,0,-10.200000000000001,0
2024-10-18,8.0,3.1,13.3,0.0,52,0,19.5,15.6,25.0,0.0,26,0,-11.5,0
2024-10-19,7.6,2.5,14.1,0.0,54,0,19.3,14.2,25.6,0.0,26,0,-11.700000000000001,0
2024-10-20,7.2,1.1,13.9,0.0,48,0,17.9,11.8,25.1,0.0,27,0,-10.7,0
2024-10-21,7.7,2.5,13.5,0.0,54,0,19.7,14.4,26.8,0.0,23,0,-12.0,0
2024-10-22,8.9,5.4,14.0,0.0,56,0,19.6,15.4,25.2,0.0,29,0,-10.700000000000001,0
2024-10-23,8.0,3.3,14.0,0.0,56,0,18.9,14.1,25.9,0.0,34,0,-10.899999999999999,0
2024-10-24,8.9,2.9,16.5,0.0,57,0,18.8,12.9,27.5,0.0,34,0,-9.9,0
2024-10-25,9.1,4.9,14.4,0.0,53,0,19.2,13.6,26.6,0.0,28,0,-10.1,0
2024-10-26,9.3,3.5,15.6,0.0,55,0,19.4,13.8,27.6,0.0,29,0,-10.099999999999998,0
2024-10-27,9.7,3.6,16.5,0.0,50,0,19.4,13.1,27.8,0.0,28,0,-9.7,0
2024-10-28,9.4,3.1,17.1,0.0,44,0,18.5,11.6,26.2,0.0,35,0,-9.1,0
2024-10-29,10.3,3.7,17.3,0.0,42,0,19.2,12.8,27.9,0.0,28,0,-8.899999999999999,0
2024-10-30,10.3,6.1,15.9,0.0,50,0,20.3,14.9,27.8,0.0,26,0,-10.0,0
2024-10-31,8.8,4.0,15.2,0.0,63,0,19.9,14.8,27.0,0.0,34,0,-11.099999999999998,0
2024-11-01,9.0,3.1,15.8,0.0,63,0,20.0,14.3,27.9,0.0,32,0,-11.0,0
2024-11-02,11.3,5.1,18.8,0.0,52,0,19.9,14.1,28.5,0.0,34,0,-8.599999999999998,0
2024-11-03,10.4,4.7,16.5,0.0,51,0,20.2,13.7,28.5,0.0,30,0,-9.799999999999999,0
2024-11-04,7.3,2.9,12.5,0.0,64,0,18.6,14.9,24.1,0.0,36,0,-11.3,0
2024-11-05,6.0,2.1,11.7,0.0,59,0,17.6,12.1,25.3,0.0,32,0,-11.600000000000001,0
2024-11-06,5.5,0.5,11.7,0.0,54,0,17.0,11.3,24.6,0.0,31,0,-11.5,0
2024-11-07,4.9,-0.9,11.9,0.0,48,1,16.9,11.5,24.5,0.0,28,0,-11.999999999999998,0
2024-11-08,5.4,-0.7,12.9,0.0,52,1,17.1,11.2,25.3,0.0,24,0,-11.700000000000001,0
2024-11-09,5.6,-0.4,12.2,0.0,55,1,17.0,11.5,24.8,0.0,22,0,-11.4,0
2024-11-10,6.4,2.0,11.2,7.0,66,0,14.7,12.4,17.0,10.8,58,0,-8.299999999999999,0
2024-11-11,9.0,6.0,14.9,0.1,77,0,16.3,11.4,22.0,0.2,72,0,-7.300000000000001,0
2024-11-12,8.9,2.9,16.0,0.0,76,0,16.0,11.1,23.2,0.0,68,0,-7.1,0
2024-11-13,8.9,3.2,15.8,0.0,73,0,15.0,10.1,22.1,0.0,65,0,-6.1,0
2024-11-14,9.1,3.0,15.5,0.0,69,0,16.5,11.9,23.6,0.0,62,0,-7.4,0
2024-11-15,10.1,3.8,17.7,0.0,66,0,15.4,10.3,21.3,0.6,74,0,-5.300000000000001,0
2024-11-16,10.3,4.5,15.4,0.0,67,0,15.0,11.1,20.6,14.6,80,0,-4.699999999999999,0
2024-11-17,9.3,6.2,13.5,2.4,81,0,13.9,12.2,15.8,20.8,90,0,-4.6,0
2024-11-18,6.8,1.8,12.1,0.4,86,0,14.0,10.7,18.2,0.0,79,0,-7.2,0
2024-11-19,7.5,3.5,12.5,0.1,80,0,13.8,9.4,19.6,0.0,71,0,-6.300000000000001,0
2024-11-20,8.1,1.6,15.2,0.0,70,0,14.2,11.1,18.8,0.7,78,0,-6.1,0
2024-11-21,9.7,4.5,16.0,0.2,74,0,14.9,12.9,17.9,1.3,89,0,-5.200000000000001,0
2024-11-22,10.9,7.9,18.0,0.0,77,0,15.9,14.9,18.1,6.6,92,0,-5.0,0
2024-11-23,11.5,4.6,17.5,3.6,73,0,16.7,11.6,19.5,8.4,91,0,-5.199999999999999,0
2024-11-24,-1.2,-3.1,2.0,10.9,79,1,9.4,6.6,12.1,0.0,40,0,-10.6,0
2024-11-25,-2.7,-4.1,-1.0,0.0,78,1,7.8,5.5,11.2,0.0,39,0,-10.5,0
2024-11-26,-1.7,-6.9,1.7,0.5,82,1,9.4,6.0,15.2,0.0,53,0,-11.1,0
2024-11-27,-0.2,-5.2,4.1,0.0,83,1,9.7,5.1,16.8,0.0,59,0,-9.899999999999999,0
2024-11-28,1.2,-1.9,5.9,0.0,80,1,10.6,6.2,16.9,0.0,60,0,-9.4,0
2024-11-29,1.2,-3.3,6.1,0.0,83,1,10.5,5.8,16.8,0.0,61,0,-9.3,0
2024-11-30,1.6,-1.9,7.3,0.0,79,1,11.1,5.7,17.5,0.0,68,0,-9.5,0
2024-12-01,2.1,-1.2,7.7,0.0,78,1,12.4,7.5,18.5,0.0,71,0,-10.3,0
2024-12-02,1.8,-1.5,7.4,0.0,83,1,14.3,12.6,18.0,8.6,77,0,-12.5,0
2024-12-03,2.3,-0.7,6.1,2.9,92,1,12.5,11.4,15.2,25.6,92,0,-10.2,0
2024-12-04,4.7,0.9,10.9,0.4,87,0,12.6,10.6,15.4,20.7,86,0,-7.8999999999999995,0
2024-12-05,5.5,3.0,9.0,2.9,92,0,13.1,10.9,17.4,10.2,87,0,-7.6,0
2024-12-06,5.5,1.9,9.1,0.0,93,0,13.6,9.3,18.0,0.3,79,0,-8.1,0
2024-12-07,4.6,0.4,9.7,0.1,86,0,12.4,9.1,17.7,6.4,80,0,-7.800000000000001,0
2024-12-08,7.1,3.7,12.0,0.2,77,0,12.8,10.6,15.4,4.8,92,0,-5.700000000000001,0
2024-12-09,8.4,4.4,14.5,0.0,78,0,13.7,11.3,16.2,4.3,92,0,-5.299999999999999,0
2024-12-10,8.2,4.3,14.1,0.0,85,0,14.4,12.4,16.9,2.6,92,0,-6.200000000000001,0
2024-12-11,7.6,2.9,15.1,0.0,82,0,14.4,12.2,17.6,0.0,84,0,-6.800000000000001,0
2024-12-12,5.7,3.1,10.9,2.6,81,0,13.5,9.4,18.6,0.0,62,0,-7.8,0
2024-12-13,2.6,-0.4,5.1,0.0,73,1,12.3,10.2,15.9,0.0,47,0,-9.700000000000001,0
2024-12-14,-0.0,-1.7,2.5,0.0,75,1,10.7,7.8,15.8,0.0,49,0,-10.7,0
2024-12-15,3.4,-2.3,9.7,0.0,76,1,10.3,6.6,13.9,0.0,75,0,-6.9,0
2024-12-16,3.9,0.0,5.8,4.4,89,0,12.3,9.9,16.7,3.5,82,0,-8.4,0
2024-12-17,1.8,-1.2,6.5,0.0,85,1,10.6,6.4,16.7,0.0,59,0,-8.799999999999999,0
2024-12-18,2.1,-1.9,8.2,0.0,82,1,9.7,4.6,17.6,0.0,71,0,-7.6,0
2024-12-19,2.7,-0.2,7.9,0.0,82,1,10.3,5.3,16.3,0.0,67,0,-7.6000000000000005,0
2024-12-20,2.7,-0.2,8.3,0.0,79,1,10.6,4.8,16.8,0.0,70,0,-7.8999999999999995,0
2024-12-21,3.4,-1.8,10.1,1.0,88,1,12.3,10.6,14.5,7.2,90,0,-8.9,0
2024-12-22,4.6,-0.4,11.0,2.2,81,1,11.5,7.3,16.4,0.8,77,0,-6.9,0
2024-12-23,4.9,2.5,9.2,0.2,84,0,11.6,10.1,13.7,4.7,88,0,-6.699999999999999,0
2024-12-24,5.6,1.2,11.4,1.1,86,0,12.9,10.9,15.1,21.0,90,0,-7.300000000000001,0
2024-12-25,5.3,2.6,9.3,7.6,88,0,11.6,9.4,13.1,29.2,93,0,-6.3,0
2024-12-26,4.7,2.7,7.8,1.3,88,0,9.9,9.1,11.6,11.1,92,0,-5.2,0
2024-12-27,4.7,2.4,8.1,1.2,83,0,11.5,8.2,17.1,14.3,77,0,-6.8,0
2024-12-28,3.3,1.5,5.1,1.6,88,0,9.2,7.4,10.8,12.4,89,0,-5.8999999999999995,0
2024-12-29,3.2,1.3,5.5,8.8,92,0,8.9,7.7,11.4,15.8,91,0,-5.7,0
2024-12-30,1.7,0.9,2.8,5.7,93,0,9.9,5.9,15.0,7.0,69,0,-8.200000000000001,0
2024-12-31,2.7,1.3,4.9,0.4,85,0,10.7,7.2,15.9,0.0,55,0,-7.999999999999999,0
2025-01-01,0.8,-1.9,5.2,0.0,82,1,8.9,4.6,15.3,0.0,62,0,-8.1,0
2025-01-02,1.3,-1.7,6.9,0.0,75,1,8.5,3.1,15.4,0.0,64,0,-7.2,0
2025-01-03,1.7,-3.8,9.2,0.0,79,1,8.7,4.2,14.4,0.0,70,0,-6.999999999999999,0
2025-01-04,4.3,-1.7,10.7,3.8,84,1,10.3,6.6,12.6,8.0,85,0,-6.000000000000001,0
2025-01-05,4.7,-0.1,7.8,1.2,93,1,12.0,9.2,15.8,3.7,84,0,-7.3,0
2025-01-06,3.9,0.1,8.2,0.2,87,0,11.2,6.9,17.1,0.0,69,0,-7.299999999999999,0
2025-01-07,3.5,-0.3,10.3,0.0,80,1,12.1,8.1,16.1,0.1,77,0,-8.6,0
2025-01-08,3.7,-0.9,10.4,0.0,88,1,13.2,8.2,16.6,0.1,80,0,-9.5,0
2025-01-09,3.8,0.1,10.0,0.0,84,0,10.9,6.8,17.1,0.0,79,0,-7.1000000000000005,0
2025-01-10,3.8,1.0,9.6,0.0,70,0,10.2,4.8,18.0,0.0,71,0,-6.3999999999999995,0
2025-01-11,2.9,-2.2,10.2,0.1,78,1,10.6,5.4,17.0,0.0,70,0,-7.699999999999999,0
2025-01-12,6.2,1.3,12.9,0.0,81,0,12.8,11.1,14.6,2.7,90,0,-6.6000000000000005,0
2025-01-13,8.3,4.6,14.6,0.0,79,0,13.4,11.4,16.3,8.0,92,0,-5.1,0
2025-01-14,7.0,2.8,11.1,0.2,85,0,13.3,11.1,16.2,0.8,87,0,-6.300000000000001,0
2025-01-15,5.8,2.2,10.9,6.3,87,0,12.1,9.7,15.1,7.8,86,0,-6.3,0
2025-01-16,4.0,0.1,7.8,0.6,86,0,12.1,6.4,19.5,0.0,69,0,-8.1,0
2025-01-17,3.2,-1.7,5.6,0.2,80,1,12.1,7.6,17.4,0.0,54,0,-8.899999999999999,0
2025-01-18,1.2,-2.4,7.5,0.0,80,1,10.9,5.4,19.6,0.0,51,0,-9.700000000000001,0
2025-01-19,1.7,-2.3,8.4,0.0,78,1,11.4,7.1,19.2,0.0,59,0,-9.700000000000001,0
2025-01-20,2.7,-1.5,7.9,0.0,76,1,12.6,7.4,21.0,0.0,58,0,-9.899999999999999,0
2025-01-21,2.6,-1.2,8.4,0.0,70,1,13.4,10.6,16.9,4.3,80,0,-10.8,0
2025-01-22,3.1,1.4,5.2,10.1,96,0,11.8,10.1,12.9,46.6,88,0,-8.700000000000001,0
2025-01-23,3.6,-0.7,9.1,0.1,85,1,11.7,9.3,15.2,0.2,81,0,-8.1,0
2025-01-24,2.6,-1.8,9.6,0.1,84,1,11.0,7.2,14.9,0.9,85,0,-8.4,0
2025-01-25,3.7,-1.7,10.1,0.3,83,1,11.7,10.9,12.8,15.0,94,0,-7.999999999999999,0
2025-01-26,4.9,0.8,10.4,0.0,78,0,12.1,7.8,17.1,25.8,81,0,-7.199999999999999,0
2025-01-27,3.4,-1.3,9.4,0.0,77,1,10.7,6.1,17.8,0.0,72,0,-7.299999999999999,0
2025-01-28,3.4,-0.3,9.8,0.0,72,1,10.9,6.6,16.6,0.0,75,0,-7.5,0
2025-01-29,2.9,-2.2,10.6,0.0,76,1,10.8,5.8,16.8,0.0,77,0,-7.9,0
2025-01-30,4.7,-0.8,10.9,0.0,67,1,10.7,5.8,16.4,0.7,78,0,-5.999999999999999,0
2025-01-31,4.4,-1.4,11.6,0.0,76,1,12.2,8.1,17.8,0.5,77,0,-7.799999999999999,0
2025-02-01,4.1,-0.8,10.4,0.0,78,1,11.4,6.1,19.0,0.0,64,0,-7.300000000000001,0
2025-02-02,4.1,-0.3,10.0,0.0,74,1,10.5,5.6,17.1,0.0,65,0,-6.4,0
2025-02-03,3.4,-1.7,11.5,0.0,75,1,10.6,5.2,16.5,0.0,73,0,-7.199999999999999,0
2025-02-04,3.0,-1.5,8.8,1.4,82,1,10.0,4.7,16.5,9.1,78,0,-7.0,0
2025-02-05,-1.0,-3.1,1.4,6.9,80,1,9.7,6.6,12.4,0.0,53,0,-10.7,0
2025-02-06,-2.5,-4.6,0.3,0.3,61,1,6.6,4.6,9.8,0.0,35,0,-9.1,0
2025-02-07,-2.6,-6.1,0.4,0.0,62,1,6.7,3.5,10.9,0.0,37,0,-9.3,0
2025-02-08,-0.4,-2.6,1.8,0.0,65,1,8.5,5.4,13.7,0.0,46,0,-8.9,0
2025-02-09,-0.5,-2.1,1.3,0.0,70,1,8.2,4.0,14.1,0.0,49,0,-8.7,0
2025-02-10,-0.6,-2.6,1.6,0.0,73,1,8.4,5.2,13.7,0.0,46,0,-9.0,0
2025-02-11,-1.4,-4.1,1.6,0.0,63,1,7.5,3.3,13.5,0.0,46,0,-8.9,0
2025-02-12,-1.4,-4.9,2.2,0.0,64,1,6.9,1.6,13.1,0.4,49,0,-8.3,0
2025-02-13,-0.4,-2.4,2.7,0.7,65,1,7.6,4.1,13.0,0.0,43,0,-8.0,0
2025-02-14,-0.1,-5.3,6.1,0.0,64,1,7.5,1.4,14.1,0.0,60,0,-7.6,0
2025-02-15,3.4,-1.5,10.1,0.0,64,1,9.1,3.8,15.0,0.0,74,0,-5.699999999999999,0
2025-02-16,4.1,-1.1,12.2,0.0,65,1,9.9,3.7,16.8,0.1,72,0,-5.800000000000001,0
2025-02-17,4.1,-2.3,12.5,0.0,71,1,10.9,7.9,14.7,9.3,85,0,-6.800000000000001,0
2025-02-18,4.3,-0.1,9.7,4.3,79,1,10.7,8.4,12.5,3.8,89,0,-6.3999999999999995,0
2025-02-19,2.1,0.5,3.9,1.1,87,0,12.0,6.3,17.9,0.0,61,0,-9.9,0
2025-02-20,-2.1,-4.4,-0.3,0.1,64,1,7.9,5.1,10.9,0.0,38,0,-10.0,0
2025-02-21,-4.3,-7.5,-1.1,0.0,46,1,5.5,2.5,9.6,0.0,32,0,-9.8,0
2025-02-22,-5.3,-8.0,-2.3,0.2,41,1,3.3,-0.2,7.3,0.0,32,1,-8.6,0
2025-02-23,-6.0,-8.9,-2.5,0.0,41,1,3.2,-0.2,8.1,0.0,29,1,-9.2,1
2025-02-24,-5.2,-8.9,-1.0,0.0,43,1,4.5,0.3,10.8,0.0,35,0,-9.7,1
2025-02-25,-1.9,-9.0,5.5,0.0,41,1,4.3,-1.1,10.6,0.0,53,1,-6.199999999999999,0
2025-02-26,0.5,-5.2,8.1,0.0,56,1,7.9,2.0,14.4,0.0,63,0,-7.4,1
2025-02-27,2.1,-4.1,9.9,0.0,61,1,9.4,2.5,15.9,0.0,64,0,-7.300000000000001,0
2025-02-28,3.7,-0.3,9.7,2.1,79,1,11.1,8.0,14.2,0.7,76,0,-7.3999999999999995,0
2025-03-01,4.2,0.2,9.6,0.3,80,0,11.8,5.8,19.0,0.0,68,0,-7.6000000000000005,0
2025-03-02,5.1,-2.0,14.2,0.0,69,1,12.2,5.7,18.4,0.1,72,0,-7.1,0
2025-03-03,3.0,1.7,4.1,14.5,94,0,12.8,9.4,16.4,8.2,82,0,-9.8,0
2025-03-04,3.6,0.5,7.8,0.2,71,0,12.5,7.7,19.0,0.0,54,0,-8.9,0
2025-03-05,5.0,-1.1,11.3,0.0,67,1,14.0,7.1,23.0,0.0,45,0,-9.0,0
2025-03-06,7.8,1.9,13.8,0.0,52,0,16.1,9.2,25.4,0.0,34,0,-8.3,0
2025-03-07,8.4,4.1,14.4,0.0,44,0,16.6,10.8,25.0,0.0,30,0,-8.200000000000001,0
2025-03-08,7.5,-0.5,15.5,0.0,58,1,15.1,8.1,22.0,0.0,44,0,-7.6,0
2025-03-09,10.1,2.4,19.5,0.0,42,0,14.1,7.6,19.2,0.2,69,0,-4.0,0
2025-03-10,10.6,3.0,19.0,0.0,45,0,13.3,7.4,19.0,0.0,71,0,-2.700000000000001,0
2025-03-11,10.9,1.0,21.2,0.0,46,0,13.6,7.4,19.5,0.0,69,0,-2.6999999999999993,0
2025-03-12,11.3,0.7,22.2,0.0,39,0,14.2,7.5,21.6,0.0,59,0,-2.8999999999999986,0
2025-03-13,12.5,4.8,21.8,0.0,40,0,15.7,7.3,23.5,0.0,42,0,-3.1999999999999993,0
2025-03-14,14.0,4.3,22.9,0.0,45,0,18.5,10.8,26.8,0.0,43,0,-4.5,0
2025-03-15,16.2,7.0,25.6,0.0,36,0,19.2,11.8,28.0,0.0,48,0,-3.0,0
2025-03-16,17.2,6.2,27.8,0.0,33,0,19.1,10.8,27.9,0.0,48,0,-1.9000000000000021,0
2025-03-17,17.2,11.3,23.6,0.0,26,0,17.2,13.4,21.6,0.4,63,0,0.0,0
2025-03-18,11.8,6.4,18.1,0.1,39,0,17.5,10.9,25.0,0.0,51,0,-5.699999999999999,0
2025-03-19,1.6,-2.0,7.6,10.7,77,1,12.8,8.8,15.1,0.2,39,0,-11.200000000000001,0
2025-03-20,-2.9,-5.4,-1.1,2.3,73,1,8.6,4.9,12.6,0.0,27,0,-11.5,0
2025-03-21,-1.4,-3.1,1.2,0.0,73,1,10.7,6.8,16.2,0.0,30,0,-12.1,0
2025-03-22,0.1,-7.3,8.2,0.0,65,1,11.0,4.9,17.1,0.0,40,0,-10.9,0
2025-03-23,5.9,-3.8,16.7,0.0,43,1,11.8,4.8,17.5,0.0,57,0,-5.9,0
2025-03-24,11.8,3.2,19.4,0.0,54,0,14.2,8.9,20.0,0.0,62,0,-2.3999999999999986,0
2025-03-25,14.8,6.9,23.2,0.2,56,0,16.5,11.1,22.0,0.0,63,0,-1.6999999999999993,0
2025-03-26,15.7,8.0,24.5,0.0,48,0,16.5,10.1,22.1,0.0,65,0,-0.8000000000000007,0
2025-03-27,17.7,11.1,25.1,0.0,34,0,18.0,10.5,23.9,0.0,55,0,-0.3000000000000007,0
2025-03-28,17.7,12.0,25.0,0.0,35,0,19.5,13.2,26.0,0.0,49,0,-1.8000000000000007,0
2025-03-29,14.3,8.6,19.5,0.0,36,0,16.0,13.1,18.4,18.1,82,0,-1.6999999999999993,0
2025-03-30,10.5,3.5,17.4,0.7,54,0,13.2,11.7,16.0,11.5,87,0,-2.6999999999999993,0
2025-03-31,10.6,3.3,16.5,0.9,58,0,13.5,10.9,15.9,2.4,84,0,-2.9000000000000004,0
2025-04-01,10.8,7.4,16.9,2.5,60,0,13.2,10.8,15.1,51.6,87,0,-2.3999999999999986,0
2025-04-02,10.1,5.4,16.2,0.1,69,0,13.4,11.5,15.9,49.4,89,0,-3.3000000000000007,0
2025-04-03,9.3,6.2,13.5,2.5,72,0,14.5,9.8,18.4,0.2,80,0,-5.199999999999999,0
2025-04-04,8.3,4.0,13.7,4.0,81,0,13.3,9.9,17.2,9.4,86,0,-5.0,0
2025-04-05,8.4,2.5,14.8,1.4,72,0,12.6,9.9,16.5,10.2,87,0,-4.199999999999999,0
2025-04-06,9.5,4.6,14.6,0.3,64,0,13.4,10.9,16.9,2.6,82,0,-3.9000000000000004,0
2025-04-07,9.4,2.0,16.3,0.0,64,0,14.1,10.8,17.0,2.2,82,0,-4.699999999999999,0
2025-04-08,10.7,5.5,16.5,0.0,73,0,15.5,13.2,18.6,0.5,82,0,-4.800000000000001,0
2025-04-09,6.6,3.3,9.9,10.5,86,0,13.9,11.0,17.8,5.1,76,0,-7.300000000000001,0
2025-04-10,3.2,-0.2,7.7,2.7,64,1,12.2,8.2,17.5,0.0,40,0,-9.0,0
2025-04-11,1.5,-2.7,9.1,0.7,64,1,11.1,6.3,15.8,0.0,47,0,-9.6,0
2025-04-12,2.0,-4.1,9.9,0.0,60,1,11.9,6.7,18.5,0.0,45,0,-9.9,0
2025-04-13,3.9,0.8,8.8,2.7,68,0,13.5,8.8,20.4,0.4,62,0,-9.6,0
2025-04-14,4.0,-0.1,8.0,0.0,56,1,13.7,6.9,20.6,0.0,41,0,-9.7,0
2025-04-15,7.1,0.5,14.0,0.0,57,0,15.3,7.4,24.5,0.0,42,0,-8.200000000000001,0
2025-04-16,10.4,2.4,18.8,0.0,56,0,17.0,10.0,25.5,0.0,54,0,-6.6,0
2025-04-17,13.5,4.6,21.9,0.0,53,0,15.5,8.8,21.9,0.0,72,0,-2.0,0
2025-04-18,17.0,7.0,26.3,0.0,40,0,16.5,9.8,22.5,0.0,72,0,0.5,0
2025-04-19,17.5,8.8,24.9,0.0,39,0,16.9,12.1,21.9,0.0,79,0,0.6000000000000014,0
2025-04-20,16.0,8.5,23.8,0.1,37,0,15.8,11.5,19.6,0.0,83,0,0.1999999999999993,0
2025-04-21,16.8,7.6,24.5,0.2,40,0,16.0,11.4,20.5,0.0,82,0,0.8000000000000007,0
2025-04-22,18.2,8.5,26.6,0.1,39,0,17.6,11.9,23.9,0.0,72,0,0.5999999999999979,0
2025-04-23,17.9,10.5,25.2,0.3,47,0,19.9,13.6,28.6,0.0,64,0,-2.0,0
2025-04-24,16.1,9.8,25.1,0.1,52,0,16.2,12.1,21.3,13.0,80,0,-0.09999999999999787,0
2025-04-25,13.7,8.3,19.7,4.9,54,0,16.1,13.6,20.0,4.1,81,0,-2.400000000000002,0
2025-04-26,12.4,7.2,18.1,1.2,66,0,16.1,12.1,20.5,0.4,82,0,-3.700000000000001,0
2025-04-27,12.7,6.4,18.5,3.9,68,0,16.6,11.3,21.0,0.3,79,0,-3.900000000000002,0
2025-04-28,12.8,9.0,17.8,0.0,64,0,18.5,12.4,24.5,0.1,68,0,-5.699999999999999,0
2025-04-29,10.8,5.6,16.2,0.3,63,0,18.0,14.2,22.6,5.6,72,0,-7.199999999999999,0
2025-04-30,12.2,7.3,16.9,0.7,68,0,17.1,13.7,21.6,23.8,79,0,-4.900000000000002,0
2025-05-01,12.9,8.3,19.5,4.6,67,0,14.7,13.6,16.2,32.9,90,0,-1.799999999999999,0
2025-05-02,10.6,4.2,17.4,0.4,71,0,16.4,12.5,20.5,0.1,76,0,-5.799999999999999,0
2025-05-03,11.5,7.7,15.8,0.1,71,0,16.3,11.1,23.0,8.0,75,0,-4.800000000000001,0
2025-05-04,12.5,6.3,18.5,0.6,65,0,16.8,11.7,21.9,0.0,73,0,-4.300000000000001,0
2025-05-05,14.0,4.2,22.3,0.0,58,0,17.7,10.8,23.2,0.0,70,0,-3.6999999999999993,0
2025-05-06,16.8,9.2,23.8,0.3,56,0,18.7,14.9,22.4,0.0,81,0,-1.8999999999999986,0
2025-05-07,19.1,9.5,27.1,0.0,48,0,18.9,14.2,22.5,0.0,79,0,0.20000000000000284,0
2025-05-08,18.2,13.2,24.4,3.3,53,0,19.6,15.4,23.8,0.0,80,0,-1.4000000000000021,0
2025-05-09,19.8,9.7,28.6,0.4,38,0,20.6,14.2,26.5,0.0,73,0,-0.8000000000000007,0
2025-05-10,20.6,12.6,28.7,0.5,37,0,21.1,15.7,27.6,0.0,70,0,-0.5,0
2025-05-11,20.5,12.9,27.6,0.0,36,0,20.3,13.6,25.4,0.0,70,0,0.1999999999999993,0
2025-05-12,17.4,11.4,23.6,0.5,53,0,20.6,15.2,25.7,0.0,70,0,-3.200000000000003,0
2025-05-13,15.5,10.8,20.5,0.8,45,0,21.2,15.4,27.9,0.0,56,0,-5.699999999999999,0
2025-05-14,14.0,7.6,20.5,1.1,50,0,18.9,14.4,23.6,0.1,67,0,-4.899999999999999,0
2025-05-15,13.9,7.5,20.9,0.0,58,0,19.5,12.8,26.0,0.0,61,0,-5.6,0
2025-05-16,18.7,9.2,28.2,0.1,42,0,18.6,14.1,22.8,0.7,77,0,0.09999999999999787,0
2025-05-17,21.6,13.6,29.0,0.0,30,0,20.6,14.7,25.8,0.0,60,0,1.0,0
2025-05-18,19.5,11.7,27.0,0.0,34,0,21.1,14.6,26.0,0.0,58,0,-1.6000000000000014,0
2025-05-19,17.1,10.6,24.6,0.0,40,0,22.6,16.9,29.3,0.0,49,0,-5.5,0
2025-05-20,18.5,10.1,25.8,0.0,31,0,21.5,14.9,28.9,0.0,58,0,-3.0,0
2025-05-21,18.5,10.0,24.9,0.0,34,0,23.0,15.0,32.0,0.0,46,0,-4.5,0
2025-05-22,21.4,12.2,28.5,0.0,25,0,24.4,15.1,34.9,0.0,49,0,-3.0,0
2025-05-23,23.7,13.2,31.5,0.0,22,0,25.9,17.8,33.6,0.0,41,0,-2.1999999999999993,0
2025-05-24,23.6,15.3,29.6,0.0,24,0,28.0,19.4,36.2,0.0,32,0,-4.399999999999999,0
2025-05-25,25.0,14.8,33.6,0.0,25,0,26.1,19.8,34.3,0.0,47,0,-1.1000000000000014,0
2025-05-26,25.1,19.4,31.5,0.0,25,0,25.1,20.5,28.7,0.0,55,0,0.0,0
2025-05-27,20.5,14.2,25.9,0.0,40,0,24.6,17.9,32.1,0.0,53,0,-4.100000000000001,0
2025-05-28,18.6,12.3,24.7,0.0,35,0,24.3,19.6,30.5,0.0,43,0,-5.699999999999999,0
2025-05-29,16.0,12.7,22.9,9.1,53,0,20.9,16.9,26.7,3.8,65,0,-4.899999999999999,0
2025-05-30,14.2,9.4,21.5,6.8,71,0,19.1,15.3,23.8,9.2,74,0,-4.900000000000002,0
2025-05-31,14.0,9.2,20.1,4.3,75,0,18.1,15.4,22.6,15.3,83,0,-4.100000000000001,0
2025-06-01,13.6,8.5,18.6,12.1,78,0,19.2,13.8,23.5,0.3,72,0,-5.6,0
2025-06-02,15.3,10.3,20.8,0.9,68,0,20.7,14.5,25.6,0.0,70,0,-5.399999999999999,0
2025-06-03,16.6,11.4,22.4,0.2,60,0,23.7,15.9,31.5,0.0,56,0,-7.099999999999998,0
2025-06-04,18.4,10.8,25.1,0.0,53,0,26.4,16.9,35.5,0.0,41,0,-8.0,0
2025-06-05,21.0,12.2,28.2,0.0,40,0,26.9,19.5,35.0,0.0,37,0,-5.899999999999999,0
2025-06-06,23.4,15.6,30.2,0.0,32,0,26.6,18.9,35.0,0.0,46,0,-3.200000000000003,0
2025-06-07,24.5,17.5,31.0,0.0,26,0,26.8,19.4,36.4,0.0,51,0,-2.3000000000000007,0
2025-06-08,24.3,14.7,31.1,0.0,16,0,27.3,21.0,35.7,0.0,49,0,-3.0,0
2025-06-09,24.6,14.5,32.3,0.0,19,0,26.7,19.4,36.6,0.0,53,0,-2.099999999999998,0
2025-06-10,25.7,18.3,31.7,0.0,21,0,26.6,20.0,34.5,0.0,56,0,-0.9000000000000021,0
2025-06-11,25.3,18.3,30.8,0.0,28,0,28.4,21.2,36.1,0.0,47,0,-3.099999999999998,0
2025-06-12,26.3,17.3,32.7,0.0,24,0,27.8,21.4,36.2,0.0,53,0,-1.5,0
2025-06-13,27.3,19.8,33.7,0.0,27,0,27.7,22.0,33.8,0.0,58,0,-0.3999999999999986,0
2025-06-14,23.3,18.1,27.7,3.7,44,0,27.3,22.6,32.2,0.0,63,0,-4.0,0
2025-06-15,20.4,14.1,26.3,0.0,34,0,27.8,21.6,36.2,0.0,50,0,-7.400000000000002,0
2025-06-16,19.6,13.3,25.5,0.0,34,0,27.9,22.6,35.7,0.0,29,0,-8.299999999999997,0
2025-06-17,20.2,13.9,25.8,0.0,32,0,28.3,21.2,36.0,0.0,26,0,-8.100000000000001,0
2025-06-18,21.4,15.1,26.9,0.0,28,0,28.7,21.6,35.8,0.0,25,0,-7.300000000000001,0
2025-06-19,23.6,16.7,29.4,0.0,28,0,29.8,21.2,38.0,0.0,29,0,-6.199999999999999,0
2025-06-20,25.3,16.1,32.5,0.0,26,0,29.7,21.5,37.6,0.0,34,0,-4.399999999999999,0
2025-06-21,24.2,18.8,30.8,0.5,34,0,29.0,22.8,36.2,0.0,48,0,-4.800000000000001,0
2025-06-22,21.0,15.4,25.7,0.0,48,0,29.3,23.8,35.5,0.8,38,0,-8.3,0
2025-06-23,21.3,14.0,26.8,0.0,30,0,29.7,23.9,37.2,0.0,28,0,-8.399999999999999,0
2025-06-24,23.1,16.0,29.1,0.0,22,0,29.8,21.6,37.8,0.0,23,0,-6.699999999999999,0
2025-06-25,25.1,16.7,31.9,0.0,21,0,31.3,21.9,40.1,0.0,26,0,-6.199999999999999,0
2025-06-26,26.5,18.9,32.8,0.0,18,0,31.2,23.1,40.0,0.0,34,0,-4.699999999999999,0
2025-06-27,26.3,20.1,31.7,0.0,23,0,33.2,25.1,42.2,0.0,29,0,-6.900000000000002,0
2025-06-28,26.5,18.9,32.1,0.0,21,0,32.6,26.3,41.0,0.0,31,0,-6.100000000000001,0
2025-06-29,22.0,18.0,28.2,0.4,31,0,32.1,25.6,39.2,0.0,26,0,-10.100000000000001,0
2025-06-30,19.9,13.2,26.0,0.0,36,0,29.8,24.2,36.9,0.0,25,0,-9.900000000000002,0
2025-07-01,23.0,16.7,28.7,0.0,37,0,30.2,23.0,37.3,0.0,31,0,-7.199999999999999,0
2025-07-02,23.8,18.0,29.2,0.0,31,0,31.6,24.2,39.6,0.0,30,0,-7.800000000000001,0
2025-07-03,20.9,14.6,26.2,0.0,30,0,31.6,25.1,38.0,0.0,16,0,-10.700000000000003,0
2025-07-04,20.2,14.0,25.4,0.0,35,0,31.0,25.5,37.1,0.0,19,0,-10.8,0
2025-07-05,21.4,14.2,27.9,0.0,33,0,29.8,23.5,37.1,0.0,26,0,-8.400000000000002,0
2025-07-06,24.1,17.1,30.7,0.0,31,0,30.2,22.2,36.8,0.0,31,0,-6.099999999999998,0
2025-07-07,26.2,18.6,32.7,0.0,24,0,31.8,23.5,39.0,0.0,30,0,-5.600000000000001,0
2025-07-08,28.5,17.8,36.3,0.0,18,0,29.4,23.5,34.3,0.0,43,0,-0.8999999999999986,0
2025-07-09,29.9,21.5,37.4,0.0,15,0,27.7,22.4,31.5,0.0,61,0,2.1999999999999993,0
2025-07-10,29.5,20.4,37.1,0.0,22,0,27.8,22.4,31.6,0.0,64,0,1.6999999999999993,0
2025-07-11,29.5,20.6,36.9,0.0,22,0,27.2,22.1,31.5,0.0,71,0,2.3000000000000007,0
2025-07-12,29.4,20.1,37.2,0.0,24,0,27.1,22.4,31.1,0.0,65,0,2.299999999999997,0
2025-07-13,30.5,22.4,36.9,0.0,27,0,27.3,22.6,31.5,0.0,67,0,3.1999999999999993,0
2025-07-14,30.9,24.3,36.7,0.0,23,0,27.9,23.8,31.6,0.0,71,0,3.0,0
2025-07-15,29.6,23.3,35.3,0.0,24,0,27.5,23.6,31.2,0.0,80,0,2.1000000000000014,0
2025-07-16,25.8,20.6,30.8,0.2,42,0,28.1,24.1,32.9,6.4,75,0,-2.3000000000000007,0
2025-07-17,25.1,16.6,32.2,0.0,48,0,28.1,22.5,32.9,0.0,69,0,-3.0,0
2025-07-18,26.4,18.1,34.8,0.3,44,0,28.7,25.3,31.6,0.8,75,0,-2.3000000000000007,0
2025-07-19,26.7,18.9,33.2,0.0,42,0,28.9,23.8,33.2,0.0,71,0,-2.1999999999999993,0
2025-07-20,26.5,19.5,31.7,0.0,41,0,30.8,25.6,37.8,0.0,55,0,-4.300000000000001,0
2025-07-21,27.8,21.2,33.9,0.0,29,0,31.1,25.8,39.0,0.0,54,0,-3.3000000000000007,0
2025-07-22,28.1,19.2,35.0,0.0,21,0,31.7,25.2,38.2,0.0,45,0,-3.599999999999998,0
2025-07-23,28.4,19.3,36.1,0.0,19,0,32.6,24.6,42.0,0.0,40,0,-4.200000000000003,0
2025-07-24,29.5,23.6,35.1,0.0,20,0,34.5,24.4,43.3,0.0,29,0,-5.0,0
2025-07-25,27.4,21.6,32.7,0.0,25,0,36.7,28.6,43.8,0.0,16,0,-9.300000000000004,0
2025-07-26,25.8,18.9,32.1,0.0,30,0,36.2,30.9,43.7,0.0,20,0,-10.400000000000002,0
2025-07-27,29.0,19.2,37.2,0.0,31,0,31.8,26.4,37.4,0.0,38,0,-2.8000000000000007,0
2025-07-28,31.6,21.6,38.8,0.0,27,0,30.1,25.7,34.2,0.0,63,0,1.5,0
2025-07-29,32.3,23.8,40.0,0.0,21,0,29.4,25.3,33.3,0.0,65,0,2.8999999999999986,0
2025-07-30,31.1,22.0,38.8,0.0,18,0,28.8,24.9,32.5,0.0,68,0,2.3000000000000007,0
2025-07-31,30.0,23.1,35.7,0.0,31,0,28.4,25.0,31.9,0.0,68,0,1.6000000000000014,0
2025-08-01,28.9,23.6,35.0,0.0,38,0,28.3,24.7,32.0,0.0,71,0,0.5999999999999979,0
2025-08-02,25.7,21.3,33.2,3.4,58,0,28.6,25.6,31.6,0.2,73,0,-2.900000000000002,0
2025-08-03,25.8,19.5,32.1,0.0,52,0,28.2,25.7,31.6,1.6,72,0,-2.3999999999999986,0
2025-08-04,26.4,20.2,31.4,1.3,47,0,28.4,23.8,32.5,0.0,64,0,-2.0,0
2025-08-05,28.2,21.0,34.8,0.0,39,0,29.2,24.9,33.2,0.0,69,0,-1.0,0
2025-08-06,29.4,22.2,36.1,0.0,27,0,29.9,25.4,33.7,0.0,66,0,-0.5,0
2025-08-07,29.4,22.8,34.9,0.0,21,0,29.6,24.6,34.0,0.0,68,0,-0.20000000000000284,0
2025-08-08,27.5,22.8,32.1,0.0,35,0,31.7,24.5,39.8,0.0,57,0,-4.199999999999999,0
2025-08-09,27.0,21.6,32.2,0.0,37,0,35.5,29.4,42.3,0.0,25,0,-8.5,0
2025-08-10,26.9,20.9,32.8,0.0,31,0,34.8,28.9,43.5,0.0,29,0,-7.899999999999999,0
2025-08-11,26.9,20.5,32.8,0.0,24,0,32.3,26.4,38.7,0.0,36,0,-5.399999999999999,0
2025-08-12,26.3,20.6,32.1,0.0,17,0,32.8,25.0,40.7,0.0,33,0,-6.4999999999999964,0
2025-08-13,26.8,20.2,33.0,0.0,24,0,33.1,25.8,41.2,0.0,26,0,-6.300000000000001,0
2025-08-14,28.7,21.7,35.9,0.0,19,0,32.1,25.4,38.8,0.0,29,0,-3.400000000000002,0
2025-08-15,29.2,22.3,36.3,0.0,15,0,29.8,24.0,34.6,0.0,46,0,-0.6000000000000014,0
2025-08-16,26.0,20.4,31.8,0.0,25,0,28.7,24.5,32.5,0.0,65,0,-2.6999999999999993,0
2025-08-17,26.2,18.3,33.4,0.0,26,0,28.3,24.2,32.5,0.0,66,0,-2.1000000000000014,0
2025-08-18,26.5,19.0,33.3,0.0,37,0,28.2,25.2,31.1,0.0,66,0,-1.6999999999999993,0
2025-08-19,26.3,19.8,31.7,0.0,36,0,28.9,23.6,34.2,0.0,52,0,-2.599999999999998,0
2025-08-20,26.4,20.8,31.7,0.0,33,0,29.6,24.5,35.2,0.0,52,0,-3.200000000000003,0
2025-08-21,25.1,18.5,30.6,0.0,37,0,30.2,25.1,37.7,0.0,46,0,-5.099999999999998,0
2025-08-22,26.1,17.4,35.4,0.0,27,0,30.5,24.0,37.4,0.0,44,0,-4.399999999999999,0
2025-08-23,26.8,17.7,35.6,0.0,19,0,29.4,23.4,35.8,0.0,48,0,-2.599999999999998,0
2025-08-24,25.8,19.9,32.4,0.0,33,0,28.5,23.8,33.2,0.0,56,0,-2.6999999999999993,0
2025-08-25,23.5,18.2,28.8,0.0,45,0,30.7,26.3,37.0,0.0,42,0,-7.199999999999999,0
2025-08-26,23.2,17.6,28.5,0.0,39,0,30.0,24.8,36.0,0.0,52,0,-6.800000000000001,0
2025-08-27,22.9,17.6,28.4,0.0,29,0,29.9,24.5,36.1,0.0,55,0,-7.0,0
2025-08-28,22.6,17.6,28.3,0.0,29,0,29.6,24.2,36.1,0.0,50,0,-7.0,0
2025-08-29,23.2,15.8,30.4,0.0,32,0,27.5,22.1,31.9,0.0,59,0,-4.300000000000001,0
2025-08-30,25.1,15.8,33.2,0.0,25,0,27.4,23.0,31.0,0.0,72,0,-2.299999999999997,0
2025-08-31,26.9,19.8,35.7,0.0,29,0,27.7,23.4,31.4,0.0,70,0,-0.8000000000000007,0
2025-09-01,26.7,17.7,35.6,0.0,22,0,27.5,22.2,31.5,0.0,64,0,-0.8000000000000007,0
2025-09-02,26.1,19.4,31.7,0.0,34,0,27.0,22.8,31.4,0.0,66,0,-0.8999999999999986,0
2025-09-03,24.5,18.9,29.6,0.0,33,0,29.5,24.2,36.8,0.0,49,0,-5.0,0
2025-09-04,22.7,17.5,27.6,0.0,39,0,28.9,23.8,36.4,0.0,44,0,-6.199999999999999,0
2025-09-05,23.2,16.2,29.0,0.0,41,0,27.7,23.6,32.2,0.2,64,0,-4.5,0
2025-09-06,24.4,18.8,31.6,0.0,32,0,26.0,22.8,29.5,6.6,73,0,-1.6000000000000014,0
2025-09-07,21.4,16.1,26.8,0.4,53,0,25.7,20.9,30.7,4.4,63,0,-4.300000000000001,0
2025-09-08,18.7,14.7,22.4,3.2,68,0,26.6,22.0,31.4,0.6,61,0,-7.900000000000002,0
2025-09-09,18.0,12.1,23.5,0.0,63,0,26.7,21.5,32.7,0.0,51,0,-8.7,0
2025-09-10,18.6,11.1,25.6,0.0,52,0,28.2,21.5,36.3,0.0,41,0,-9.599999999999998,0
2025-09-11,20.2,13.2,27.6,0.0,41,0,29.0,22.1,38.0,0.0,30,0,-8.8,0
2025-09-12,21.7,14.0,28.8,0.0,39,0,28.0,23.5,34.8,0.0,41,0,-6.300000000000001,0
2025-09-13,22.4,15.7,28.0,0.0,38,0,27.5,21.6,35.1,0.0,56,0,-5.100000000000001,0
2025-09-14,22.5,17.2,28.1,0.0,38,0,28.3,23.0,35.9,0.0,52,0,-5.800000000000001,0
2025-09-15,22.9,15.2,30.1,0.0,35,0,27.4,21.7,33.8,0.0,56,0,-4.5,0
2025-09-16,22.8,15.7,28.7,0.0,42,0,28.1,22.3,36.2,0.0,47,0,-5.300000000000001,0
2025-09-17,22.1,13.7,29.6,0.0,34,0,28.2,21.8,36.6,0.0,45,0,-6.099999999999998,0
2025-09-18,19.4,14.3,24.8,0.0,38,0,28.7,21.5,36.7,0.0,38,0,-9.3,0
2025-09-19,14.9,9.6,20.2,0.0,44,0,25.6,20.0,31.2,0.0,23,0,-10.700000000000001,0
2025-09-20,16.0,11.0,21.0,0.0,47,0,26.1,20.8,31.8,0.0,26,0,-10.100000000000001,0
2025-09-21,16.9,12.2,22.2,0.0,41,0,26.5,20.1,33.4,0.0,28,0,-9.600000000000001,0
2025-09-22,17.2,9.9,23.7,0.0,32,0,25.2,18.9,32.8,0.0,32,0,-8.0,0
2025-09-23,18.7,10.7,26.5,0.0,21,0,24.2,16.9,31.2,0.0,39,0,-5.5,0
2025-09-24,20.4,12.5,28.1,0.0,18,0,24.4,17.1,31.8,0.0,34,0,-4.0,0
2025-09-25,20.0,11.5,27.7,0.0,20,0,26.4,18.2,35.5,0.0,29,0,-6.399999999999999,0
2025-09-26,19.3,13.5,24.9,0.0,35,0,26.4,20.1,35.2,0.0,39,0,-7.099999999999998,0
2025-09-27,18.0,12.5,23.7,0.0,42,0,25.2,19.6,31.6,0.2,52,0,-7.199999999999999,0
2025-09-28,19.6,12.1,28.7,0.0,37,0,24.5,21.6,27.6,0.1,70,0,-4.899999999999999,0
2025-09-29,19.4,14.0,26.1,0.1,48,0,22.9,20.8,26.1,2.8,74,0,-3.5,0
2025-09-30,15.7,13.4,19.6,3.9,70,0,24.9,19.0,32.0,0.1,56,0,-9.2,0
2025-10-01,14.1,8.9,18.5,0.0,57,0,24.0,18.3,30.1,0.0,35,0,-9.9,0
2025-10-02,14.8,9.3,20.6,0.0,55,0,23.0,17.1,28.6,0.9,47,0,-8.2,0
2025-10-03,17.6,10.7,24.6,0.0,46,0,21.8,18.0,25.0,13.3,71,0,-4.199999999999999,0
2025-10-04,19.1,13.8,26.3,0.0,52,0,21.1,17.9,26.2,2.3,78,0,-2.0,0
2025-10-05,16.4,10.1,22.4,0.0,55,0,21.2,16.0,26.5,0.0,60,0,-4.800000000000001,0
2025-10-06,16.9,9.5,24.0,0.0,40,0,20.7,14.6,26.2,0.0,58,0,-3.8000000000000007,0
2025-10-07,16.3,9.0,25.1,0.1,54,0,19.9,18.0,24.9,13.7,77,0,-3.599999999999998,0
2025-10-08,14.2,11.5,18.2,5.8,69,0,17.8,14.4,22.5,5.2,79,0,-3.6000000000000014,0
2025-10-09,12.5,7.1,17.9,0.2,60,0,17.2,13.4,22.3,0.1,70,0,-4.699999999999999,0
2025-10-10,11.0,5.2,16.2,0.0,66,0,18.7,13.6,25.9,0.0,55,0,-7.699999999999999,0
2025-10-11,12.5,6.3,19.5,0.0,58,0,18.8,12.5,25.7,0.0,56,0,-6.300000000000001,0
2025-10-12,9.2,6.1,12.5,4.0,65,0,19.8,16.7,24.3,0.0,36,0,-10.600000000000001,0
2025-10-13,9.0,2.5,14.6,0.0,67,0,19.2,13.9,25.1,0.0,33,0,-10.2,0
2025-10-14,10.4,5.1,16.9,0.0,63,0,18.4,11.8,24.5,0.0,46,0,-7.999999999999998,0
2025-10-15,12.0,6.0,18.4,0.0,57,0,19.0,12.8,25.4,0.0,54,0,-7.0,0
2025-10-16,13.5,8.4,19.8,0.0,47,0,19.5,13.1,26.1,0.0,52,0,-6.0,0
2025-10-17,14.7,8.5,21.8,0.0,38,0,19.2,11.9,26.4,0.0,55,0,-4.5,0
2025-10-18,15.1,6.0,24.5,0.0,42,0,19.9,13.9,26.2,0.0,59,0,-4.799999999999999,0
2025-10-19,15.8,9.7,23.1,0.0,55,0,20.3,14.6,26.0,0.0,55,0,-4.5,0
2025-10-20,13.8,9.6,17.7,0.6,70,0,21.2,17.0,25.5,0.0,52,0,-7.399999999999999,0
2025-10-21,13.0,9.6,17.3,3.1,80,0,20.9,16.0,25.8,0.0,56,0,-7.899999999999999,0
2025-10-22,14.5,7.6,21.8,0.1,65,0,19.8,15.4,25.8,21.8,67,0,-5.300000000000001,0
2025-10-23,15.0,10.4,21.0,0.0,59,0,19.2,17.2,21.7,36.6,84,0,-4.199999999999999,0
2025-10-24,15.6,9.8,22.6,0.0,58,0,19.9,16.8,23.6,0.2,78,0,-4.299999999999999,0
2025-10-25,16.0,9.2,23.5,0.0,64,0,20.8,18.4,24.2,1.2,84,0,-4.800000000000001,0
2025-10-26,15.7,10.0,23.8,0.0,61,0,19.9,15.4,24.8,0.0,78,0,-4.199999999999999,0
2025-10-27,16.5,7.4,26.4,0.0,57,0,20.2,17.1,24.0,0.0,74,0,-3.6999999999999993,0
2025-10-28,15.7,9.8,21.9,0.0,64,0,19.8,18.2,22.1,2.2,86,0,-4.100000000000001,0
2025-10-29,12.9,9.2,17.3,0.2,60,0,20.1,14.6,27.4,0.0,61,0,-7.200000000000001,0
2025-10-30,11.0,5.5,17.9,0.0,45,0,17.8,11.7,25.5,0.0,48,0,-6.800000000000001,0
2025-10-31,11.8,4.5,20.4,0.0,36,0,17.2,10.5,25.9,0.0,53,0,-5.399999999999999,0
2025-11-01,13.2,7.5,19.8,0.0,30,0,17.1,10.6,24.1,0.0,62,0,-3.900000000000002,0
2025-11-02,13.2,8.2,19.2,0.0,30,0,18.4,12.9,25.5,0.0,64,0,-5.199999999999999,0
2025-11-03,13.9,7.8,21.9,0.0,28,0,18.2,11.7,26.8,0.0,60,0,-4.299999999999999,0
2025-11-04,14.0,6.3,21.2,0.0,36,0,17.9,11.6,26.6,0.0,52,0,-3.8999999999999986,0
2025-11-05,14.7,9.9,20.5,0.0,36,0,18.6,12.9,26.6,0.0,58,0,-3.900000000000002,0
2025-11-06,14.4,9.7,19.2,0.3,50,0,19.4,14.1,28.2,9.4,65,0,-4.999999999999998,0
2025-11-07,14.6,9.5,20.9,0.0,52,0,17.6,14.7,22.0,18.4,81,0,-3.0000000000000018,0
2025-11-08,12.5,5.8,19.4,0.0,63,0,17.4,12.5,23.3,0.0,74,0,-4.899999999999999,0
2025-11-09,12.8,6.6,19.9,0.0,60,0,17.4,12.4,24.5,0.0,70,0,-4.599999999999998,0
2025-11-10,13.2,8.4,19.3,0.0,46,0,16.6,10.7,23.8,0.0,65,0,-3.400000000000002,0
2025-11-11,13.9,8.6,20.7,0.0,53,0,16.3,11.0,22.8,0.0,62,0,-2.4000000000000004,0
2025-11-12,11.1,4.9,16.9,0.2,69,0,16.3,12.1,22.0,1.8,77,0,-5.200000000000001,0
2025-11-13,10.7,6.6,14.9,1.6,68,0,16.1,11.4,22.0,0.8,76,0,-5.400000000000002,0
2025-11-14,8.0,4.9,12.7,0.0,64,0,16.3,11.8,22.9,0.0,46,0,-8.3,0
2025-11-15,6.7,2.8,11.0,0.0,59,0,15.4,11.1,21.5,0.0,36,0,-8.7,0
2025-11-16,7.3,0.5,14.5,0.0,61,0,14.7,8.6,21.7,0.0,39,0,-7.3999999999999995,0
2025-11-17,8.2,0.5,16.7,0.0,61,0,14.9,9.1,21.2,0.0,57,0,-6.700000000000001,0
2025-11-18,8.8,0.6,17.9,0.0,64,0,16.2,11.2,22.2,0.0,65,0,-7.399999999999999,0
2025-11-19,10.5,4.8,17.6,0.0,44,0,16.1,9.8,22.6,0.0,61,0,-5.600000000000001,0
2025-11-20,10.3,2.7,18.6,0.0,52,0,16.7,10.7,24.0,0.0,54,0,-6.399999999999999,0
2025-11-21,10.5,2.5,19.7,0.0,54,0,17.8,11.4,26.0,0.0,49,0,-7.300000000000001,0
2025-11-22,15.3,9.8,22.7,0.0,40,0,18.8,12.3,26.3,0.0,51,0,-3.5,0
2025-11-23,15.5,10.6,22.9,0.0,36,0,18.9,13.6,25.5,0.0,60,0,-3.3999999999999986,0
2025-11-24,12.6,8.8,15.9,6.0,59,0,16.5,13.6,20.4,6.2,80,0,-3.9000000000000004,0
2025-11-25,9.8,6.9,13.9,2.6,81,0,16.1,12.4,21.4,3.4,77,0,-6.300000000000001,0
2025-11-26,8.5,2.0,15.9,0.0,78,0,15.0,13.5,17.0,20.7,94,0,-6.5,0
2025-11-27,9.6,5.3,15.3,0.0,74,0,15.8,13.9,19.1,3.1,87,0,-6.200000000000001,0
2025-11-28,8.4,2.7,14.6,0.0,74,0,16.0,13.1,21.0,1.0,73,0,-7.6,0
2025-11-29,9.3,2.9,16.5,0.2,63,0,13.9,10.9,18.8,42.7,83,0,-4.6,0
2025-11-30,8.6,4.2,13.4,11.8,77,0,13.7,11.5,17.2,1.4,85,0,-5.1,0
2025-12-01,5.4,0.4,12.4,0.1,81,0,12.4,7.7,18.3,0.0,72,0,-7.0,0
2025-12-02,5.2,1.7,10.6,0.0,77,0,12.4,7.3,20.0,0.0,65,0,-7.2,0
2025-12-03,4.8,0.9,10.3,0.0,78,0,12.3,7.5,18.8,0.0,69,0,-7.500000000000001,0
2025-12-04,5.4,1.5,10.0,0.0,75,0,13.7,9.8,19.0,0.0,73,0,-8.299999999999999,0
2025-12-05,5.8,2.7,9.0,8.3,81,0,13.5,12.4,14.8,42.6,90,0,-7.7,0
2025-12-06,7.5,4.9,11.1,18.3,86,0,12.6,10.9,14.8,25.7,92,0,-5.1,0
2025-12-07,4.9,2.2,7.4,5.5,95,0,12.3,10.1,15.5,5.0,86,0,-7.4,0
2025-12-08,4.7,0.6,9.3,0.0,88,0,13.0,9.1,19.1,0.0,78,0,-8.3,0
2025-12-09,6.6,5.1,8.2,0.0,84,0,14.0,10.8,19.6,0.0,58,0,-7.4,0
2025-12-10,7.4,6.2,9.6,0.2,84,0,13.4,8.8,20.5,0.0,62,0,-6.0,0
2025-12-11,5.8,2.8,7.9,1.1,80,0,13.8,10.3,19.5,0.0,54,0,-8.0,0
2025-12-12,3.6,-0.2,8.0,0.0,80,1,11.7,6.8,18.0,0.0,57,0,-8.1,0
2025-12-13,3.8,-0.2,8.3,0.0,81,1,12.0,6.8,20.4,0.0,63,0,-8.2,0
2025-12-14,4.5,2.3,9.1,0.0,81,0,11.6,6.4,17.8,0.0,60,0,-7.1,0
2025-12-15,3.6,1.6,7.2,0.2,77,0,12.2,7.7,17.9,0.0,53,0,-8.6,0
2025-12-16,2.3,-0.7,6.3,0.0,74,1,12.0,7.1,19.0,0.0,44,0,-9.7,0
2025-12-17,2.0,-0.9,6.2,0.0,71,1,11.1,5.6,19.1,0.0,45,0,-9.1,0
2025-12-18,1.6,-2.2,6.8,0.0,68,1,10.5,4.1,18.9,0.0,46,0,-8.9,0
2025-12-19,3.0,-0.8,8.3,0.0,53,1,9.7,3.1,17.9,0.0,53,0,-6.699999999999999,0
2025-12-20,2.8,-0.2,8.3,0.0,58,1,10.7,3.7,17.0,0.1,61,0,-7.8999999999999995,0
2025-12-21,4.6,1.9,9.6,0.7,80,0,12.9,10.9,15.9,6.4,83,0,-8.3,0
2025-12-22,5.2,1.6,9.2,1.1,79,0,12.1,10.1,15.3,31.8,83,0,-6.8999999999999995,0
2025-12-23,6.0,3.2,10.0,5.7,89,0,12.1,10.6,15.4,14.6,88,0,-6.1,0
2025-12-24,5.5,3.1,9.8,0.3,93,0,12.1,8.8,15.6,3.3,86,0,-6.6,0
2025-12-25,4.8,2.1,8.8,4.1,94,0,13.1,10.4,17.0,0.1,84,0,-8.3,0
2025-12-26,4.5,1.5,8.5,4.3,90,0,11.8,7.2,18.8,0.0,70,0,-7.300000000000001,0
2025-12-27,1.2,-2.3,3.1,2.5,76,1,10.5,7.1,13.6,0.0,50,0,-9.3,0
2025-12-28,-0.7,-4.2,4.6,0.2,66,1,7.8,4.5,12.9,0.0,48,0,-8.5,0
2025-12-29,-1.3,-3.5,1.4,0.6,61,1,8.5,4.9,11.8,0.0,43,0,-9.8,0
2025-12-30,0.2,-6.6,8.7,0.0,59,1,7.1,1.2,12.2,0.2,59,0,-6.8999999999999995,0
2025-12-31,1.6,-1.0,4.9,10.0,91,1,10.1,7.2,14.4,1.9,80,0,-8.5,0
2026-01-01,-2.4,-6.2,-0.1,0.6,76,1,6.8,3.7,9.5,0.0,52,0,-9.2,0
2026-01-02,-5.1,-8.0,-0.6,0.0,58,1,4.8,-0.2,10.7,0.0,44,1,-9.899999999999999,0
2026-01-03,-0.4,-7.8,8.5,0.0,64,1,6.3,0.8,12.8,0.0,64,0,-6.7,1
2026-01-04,3.8,0.2,11.6,0.0,82,0,9.8,6.8,12.8,0.1,79,0,-6.000000000000001,0
2026-01-05,2.8,-2.0,8.5,0.0,85,1,11.8,8.1,16.4,0.0,73,0,-9.0,0
2026-01-06,4.7,-0.5,11.8,0.0,75,1,12.5,8.9,17.2,0.0,73,0,-7.8,0
2026-01-07,7.8,1.8,15.3,0.0,66,0,13.3,11.0,16.5,1.8,80,0,-5.500000000000001,0
2026-01-08,7.8,4.2,14.0,14.6,73,0,13.5,11.4,16.3,30.9,91,0,-5.7,0
2026-01-09,2.0,-1.8,5.4,5.7,69,1,9.6,5.6,13.9,0.1,55,0,-7.6,0
2026-01-10,2.6,-2.7,8.9,0.0,75,1,8.7,4.2,13.0,0.0,65,0,-6.1,0
2026-01-11,7.6,2.7,10.6,7.8,73,0,12.4,8.4,17.1,6.3,77,0,-4.800000000000001,0
2026-01-12,2.6,0.1,5.2,3.6,87,0,9.6,5.9,14.1,0.3,73,0,-7.0,0
2026-01-13,-1.1,-3.2,0.5,0.6,71,1,7.8,5.8,10.3,0.0,42,0,-8.9,0
2026-01-14,-1.5,-4.5,2.4,0.0,69,1,8.6,4.1,14.7,0.0,44,0,-10.1,0
2026-01-15,0.4,-2.8,4.3,0.0,78,1,8.2,3.2,13.8,0.0,62,0,-7.799999999999999,0
2026-01-16,1.8,-2.0,7.4,0.0,76,1,8.9,3.2,15.4,0.0,68,0,-7.1000000000000005,0
2026-01-17,-0.5,-3.8,2.1,0.0,74,1,9.8,4.5,16.4,0.0,58,0,-10.3,0
2026-01-18,-2.9,-4.4,-0.5,0.0,65,1,7.2,4.4,11.4,0.0,38,0,-10.1,0
2026-01-19,-3.2,-6.2,0.7,0.0,57,1,6.5,3.8,11.1,0.0,35,0,-9.7,0
2026-01-20,-2.3,-4.6,0.3,0.0,65,1,6.8,2.9,12.9,0.0,38,0,-9.1,0
2026-01-21,-2.3,-4.9,0.6,0.0,61,1,6.4,1.6,11.6,0.0,54,0,-8.7,0
2026-01-22,2.2,-1.6,6.6,1.7,68,1,8.5,7.2,10.4,88.5,87,0,-6.3,0
2026-01-23,3.9,0.7,9.6,6.9,86,0,10.2,6.8,12.5,54.4,90,0,-6.299999999999999,0
2026-01-24,3.9,0.6,9.7,7.2,88,0,11.5,10.3,14.6,76.2,91,0,-7.6,0
2026-01-25,4.6,-0.6,13.0,0.0,87,1,11.9,10.9,13.6,18.2,94,0,-7.300000000000001,0
2026-01-26,5.2,-0.1,12.0,0.0,80,1,13.0,11.2,15.2,49.7,90,0,-7.8,0
2026-01-27,4.8,1.5,9.3,3.4,84,0,10.6,9.0,12.9,33.9,92,0,-5.8,0
2026-01-28,3.8,0.0,9.3,1.2,87,0,10.9,8.8,14.5,10.0,86,0,-7.1000000000000005,0
2026-01-29,4.7,-1.0,10.6,0.1,81,1,11.8,9.6,13.6,8.5,88,0,-7.1000000000000005,0
2026-01-30,7.6,4.9,12.3,4.3,78,0,14.3,11.7,17.6,14.8,86,0,-6.700000000000001,0
2026-01-31,8.0,3.4,13.5,3.4,77,0,13.2,10.9,15.4,2.0,91,0,-5.199999999999999,0
2026-02-01,8.6,2.8,14.4,0.0,70,0,13.5,11.4,16.0,26.7,91,0,-4.9,0
2026-02-02,8.6,5.8,11.7,4.9,73,0,13.9,11.0,15.6,21.3,86,0,-5.300000000000001,0
2026-02-03,4.1,-0.4,7.8,0.0,75,1,11.8,8.8,16.6,0.0,58,0,-7.700000000000001,0
2026-02-04,3.1,-2.0,8.8,0.0,72,1,10.8,5.2,17.4,0.0,61,0,-7.700000000000001,0
2026-02-05,6.0,0.4,12.6,0.0,68,0,11.5,9.6,14.4,5.0,83,0,-5.5,0
2026-02-06,6.3,4.6,9.3,5.7,77,0,12.7,8.9,14.9,74.4,86,0,-6.3999999999999995,0
2026-02-07,7.9,3.6,13.8,4.4,79,0,14.2,11.6,17.7,12.8,87,0,-6.299999999999999,0
2026-02-08,7.0,0.3,14.7,1.3,80,0,13.8,10.4,17.4,1.6,86,0,-6.800000000000001,0
2026-02-09,6.5,1.3,11.6,0.8,84,0,12.9,7.4,17.8,0.1,77,0,-6.4,0
2026-02-10,6.3,2.7,10.6,2.5,84,0,12.3,10.5,15.6,4.9,87,0,-6.000000000000001,0
2026-02-11,5.4,0.8,11.8,0.2,77,0,11.9,7.8,16.1,0.0,80,0,-6.5,0
2026-02-12,6.2,0.3,10.5,4.8,80,0,12.5,10.1,17.2,10.8,91,0,-6.3,0
2026-02-13,7.1,4.4,9.6,13.7,85,0,13.6,10.9,16.5,38.5,90,0,-6.5,0
2026-02-14,7.3,2.2,13.5,0.0,74,0,13.5,10.9,17.0,0.1,84,0,-6.2,0
2026-02-15,8.5,1.6,17.2,0.0,66,0,13.9,11.3,16.9,0.1,80,0,-5.4,0
2026-02-16,11.0,4.9,18.4,0.0,49,0,16.2,13.1,18.5,3.3,77,0,-5.199999999999999,0
2026-02-17,9.3,5.8,13.2,1.7,65,0,14.1,11.6,17.3,4.6,87,0,-4.799999999999999,0
2026-02-18,5.4,1.0,8.5,24.8,80,0,12.4,9.9,14.6,3.7,78,0,-7.0,0
2026-02-19,2.3,-2.3,6.4,0.3,66,1,11.1,5.8,16.8,0.0,49,0,-8.8,0
2026-02-20,4.5,-1.5,12.5,0.0,66,1,10.6,4.8,15.8,0.6,70,0,-6.1,0
2026-02-21,5.1,-1.7,13.4,0.1,73,1,12.4,10.4,15.8,6.3,86,0,-7.300000000000001,0
2026-02-22,5.6,0.6,11.4,0.5,73,0,12.1,7.8,16.4,0.0,76,0,-6.5,0
2026-02-23,3.9,0.9,7.6,0.1,79,0,11.9,7.3,18.6,0.1,64,0,-8.0,0
2026-02-24,3.9,-1.4,10.5,0.0,76,1,11.1,5.2,16.6,0.0,68,0,-7.199999999999999,0
2026-02-25,2.9,0.5,9.3,5.6,82,0,12.3,9.8,15.9,2.6,71,0,-9.4,0
2026-02-26,0.7,-1.3,3.8,1.0,66,1,10.4,7.5,14.4,0.0,40,0,-9.700000000000001,0
2026-02-27,0.1,-1.7,2.6,0.0,65,1,9.0,5.8,13.9,0.0,39,0,-8.9,0
2026-02-28,0.6,-1.6,3.6,0.0,71,1,10.0,5.6,15.9,0.0,45,0,-9.4,0
2026-03-01,1.3,-1.8,4.1,0.2,75,1,10.2,4.5,16.6,0.0,51,0,-8.899999999999999,0
2026-03-02,2.6,-2.0,8.1,0.0,66,1,11.1,4.8,18.4,0.0,51,0,-8.5,0
2026-03-03,4.1,-1.2,10.9,0.0,70,1,11.2,4.3,17.5,0.0,58,0,-7.1,0
2026-03-04,3.6,0.7,7.6,0.0,64,0,13.3,6.8,20.8,0.0,42,0,-9.700000000000001,0
2026-03-05,4.1,-2.7,11.1,0.0,59,1,12.0,5.4,18.0,0.0,43,0,-7.9,0
2026-03-06,6.3,2.5,11.4,1.3,58,0,14.8,8.9,20.9,0.0,51,0,-8.5,0
2026-03-07,3.6,0.7,7.1,0.7,50,0,12.9,9.2,18.5,0.0,33,0,-9.3,0
2026-03-08,2.2,-1.7,7.2,0.0,45,1,11.7,4.9,19.9,0.0,31,0,-9.5,0
2026-03-09,2.8,-1.3,7.6,0.0,44,1,13.5,7.8,20.9,0.0,25,0,-10.7,0
2026-03-10,4.2,-0.8,9.7,0.0,41,1,12.5,6.7,19.1,0.0,31,0,-8.3,0
2026-03-11,5.0,-1.7,12.3,0.0,38,1,12.4,5.2,19.6,0.0,37,0,-7.4,0
2026-03-12,6.0,-1.4,13.5,0.0,33,1,12.5,5.2,18.6,0.0,42,0,-6.5,0
2026-03-13,6.2,-1.1,13.9,0.0,35,1,12.8,5.6,19.4,0.0,48,0,-6.6000000000000005,0
2026-03-14,7.4,1.8,12.1,0.0,31,0,14.2,8.2,20.6,0.0,50,0,-6.799999999999999,0
2026-03-15,8.7,6.6,11.4,0.5,57,0,17.0,13.9,23.1,0.4,40,0,-8.3,0
2026-03-16,10.3,4.9,17.3,0.2,42,0,14.8,8.5,21.6,0.0,52,0,-4.5,0
2026-03-17,10.2,3.2,18.7,0.0,36,0,13.9,9.1,17.9,1.2,69,0,-3.700000000000001,0
2026-03-18,9.6,6.1,13.9,0.3,52,0,14.8,10.0,19.4,0.2,58,0,-5.200000000000001,0
2026-03-19,8.1,6.1,9.9,8.7,78,0,15.3,12.3,20.6,1.5,65,0,-7.200000000000001,0
2026-03-20,6.3,3.1,11.1,5.3,86,0,12.1,9.4,15.6,17.8,89,0,-5.8,0
2026-03-21,5.9,3.8,10.2,11.0,86,0,11.7,7.8,15.7,8.7,81,0,-5.799999999999999,0
2026-03-22,7.2,4.7,10.9,3.1,80,0,12.3,9.8,15.6,7.5,84,0,-5.1000000000000005,0
2026-03-23,6.4,2.3,11.9,4.4,84,0,12.1,8.8,14.9,25.4,86,0,-5.699999999999999,0
2026-03-24,5.8,-0.1,11.7,14.8,81,1,11.7,9.2,15.2,18.1,89,0,-5.8999999999999995,0
2026-03-25,6.4,2.6,11.5,4.5,81,0,12.6,10.1,16.3,13.9,79,0,-6.199999999999999,0
2026-03-26,7.0,3.6,10.6,0.3,75,0,14.0,8.6,20.4,0.0,68,0,-7.0,0
2026-03-27,8.1,0.8,16.1,0.0,70,0,14.2,8.2,18.6,0.0,75,0,-6.1,0
2026-03-28,8.9,3.1,16.1,0.6,69,0,13.8,12.2,16.7,21.9,85,0,-4.9,0
2026-03-29,8.1,4.8,12.0,5.6,67,0,12.5,9.3,16.4,35.0,77,0,-4.4,0
2026-03-30,5.9,2.5,9.5,0.7,72,0,11.4,6.1,15.9,0.0,69,0,-5.5,0
2026-03-31,7.8,0.3,15.4,0.0,70,0,13.2,6.7,17.9,0.0,72,0,-5.3999999999999995,0
2026-04-01,9.8,2.3,16.1,0.2,71,0,14.2,11.6,17.5,6.0,81,0,-4.399999999999999,0
2026-04-02,12.3,7.9,19.2,6.4,72,0,15.1,12.6,18.1,33.8,85,0,-2.799999999999999,0
2026-04-03,8.6,4.7,12.0,0.5,64,0,12.6,10.1,15.4,1.8,81,0,-4.0,0
2026-04-04,7.2,1.5,12.6,3.7,78,0,12.6,10.6,15.1,5.9,86,0,-5.3999999999999995,0
2026-04-05,7.9,3.1,13.1,5.1,81,0,14.0,10.1,18.4,6.6,79,0,-6.1,0
2026-04-06,9.5,5.2,14.5,0.0,70,0,14.5,9.0,19.9,0.0,72,0,-5.0,0
2026-04-07,9.9,2.4,17.1,0.4,64,0,15.4,9.1,20.9,0.0,73,0,-5.5,0
2026-04-08,10.3,4.1,17.5,4.9,68,0,14.7,9.1,18.9,2.8,80,0,-4.399999999999999,0
2026-04-09,5.8,1.5,10.9,0.7,73,0,13.3,9.9,17.5,1.2,62,0,-7.500000000000001,0
2026-04-10,6.1,2.5,11.4,1.6,68,0,12.7,8.6,18.6,0.0,62,0,-6.6,0
2026-04-11,4.8,1.5,8.3,2.9,69,0,12.8,8.5,19.9,0.0,59,0,-8.0,0
2026-04-12,6.2,1.7,10.2,1.9,61,0,14.2,8.4,20.8,0.0,49,0,-7.999999999999999,0
2026-04-13,6.3,0.7,12.5,0.0,61,0,14.1,8.1,21.4,0.0,50,0,-7.8,0
2026-04-14,10.5,1.3,18.2,0.0,63,0,14.4,7.7,19.5,0.0,62,0,-3.9000000000000004,0
2026-04-15,13.3,4.9,19.5,0.0,63,0,17.2,11.0,21.4,0.0,65,0,-3.8999999999999986,0
2026-04-16,14.2,6.5,20.7,0.0,61,0,20.4,14.6,28.0,0.0,57,0,-6.199999999999999,0
2026-04-17,14.8,10.6,19.9,2.7,60,0,18.6,14.9,25.7,12.9,68,0,-3.8000000000000007,0
2026-04-18,11.7,8.6,16.1,8.8,78,0,16.9,13.8,21.0,3.8,77,0,-5.199999999999999,0
2026-04-19,6.8,5.1,8.2,4.4,80,0,17.3,13.9,21.1,0.2,48,0,-10.5,0
2026-04-20,7.6,3.3,12.4,0.4,66,0,16.4,12.1,23.0,0.0,48,0,-8.799999999999999,0
2026-04-21,9.4,0.3,15.7,0.0,64,0,15.5,8.4,20.9,0.0,66,0,-6.1,0
2026-04-22,12.0,4.1,19.2,0.9,62,0,16.1,11.2,20.3,0.8,76,0,-4.100000000000001,0
2026-04-23,10.9,4.6,16.8,1.2,71,0,15.8,14.5,18.2,8.9,88,0,-4.9,0
2026-04-24,8.0,5.2,10.7,8.0,85,0,16.1,13.6,19.2,1.6,81,0,-8.100000000000001,0
2026-04-25,12.4,8.8,17.3,0.9,71,0,18.0,12.9,23.2,0.0,74,0,-5.6,0
2026-04-26,12.6,7.6,20.3,3.1,73,0,19.1,12.8,25.5,0.0,63,0,-6.500000000000002,0
